strategy,period,n_seeds,in_sample,cagr_mean,cagr_ci_lo,cagr_ci_hi,ann_vol_mean,ann_vol_ci_lo,ann_vol_ci_hi,sharpe_mean,sharpe_ci_lo,sharpe_ci_hi,sortino_mean,sortino_ci_lo,sortino_ci_hi,max_drawdown_mean,max_drawdown_ci_lo,max_drawdown_ci_hi,calmar_mean,calmar_ci_lo,calmar_ci_hi,cvar_95_mean,cvar_95_ci_lo,cvar_95_ci_hi,ann_turnover_mean,ann_turnover_ci_lo,ann_turnover_ci_hi
DQN,calm_2023_24,5,False,0.06014640092324965,-0.034774418344535964,0.15506722019103528,0.11403041638225608,0.11078503606028309,0.11727579670422908,0.5530356706193312,-0.21114567657841754,1.3172170178170801,0.906146202959768,-0.41431762450077647,2.2266100304203125,-0.13716430992880438,-0.18697060370961463,-0.08735801614799413,0.6390941952132365,-0.5792233622653471,1.8574117526918201,0.01516818637294023,0.013811554356659357,0.0165248183892211,173.45108501921385,154.4993024227807,192.402867615647
DQN,covid_crash,5,False,-0.14277473632500465,-0.2957570654954377,0.010207592845428354,0.36669508194368694,0.3325220503537147,0.4008681135336592,-0.260370791522547,-0.7493727483294057,0.22863116528431177,-0.2476818167203944,-0.722256764483711,0.22689313104292214,-0.2457802404792396,-0.2893824223447522,-0.202178058613727,-0.6014407130117618,-1.2099744325265722,0.007093006503048671,0.06280502047787664,0.057065741583758274,0.06854429937199502,164.15454804595407,96.69625563926841,231.61284045263972
DQN,gfc,5,False,-0.09484426231331596,-0.26399075868424643,0.07430223405761453,0.29693997933003047,0.27524250220208235,0.3186374564579786,-0.2208051672060026,-0.8489235626492077,0.4073132282372024,-0.3115524924448378,-1.1859695931350567,0.5628646082453812,-0.3782865078338836,-0.47185105200403754,-0.2847219636637297,-0.18814693822033246,-0.6963362366343953,0.32004236019373034,0.04408581448682955,0.04097612941907763,0.04719549955458147,189.14464578708225,179.49853995025654,198.79075162390797
DQN,inflation_2022,5,False,-0.16913509750338765,-0.2588943253350068,-0.0793758696717685,0.19492672699343175,0.16901326659930796,0.22084018738755554,-0.8738711186584032,-1.411521990542702,-0.3362202467741041,-1.3655507822527249,-2.125506288502821,-0.605595276002629,-0.22466347063570202,-0.27297777324983824,-0.17634916802156583,-0.7314020717661667,-0.9827564787360287,-0.4800476647963047,0.027978291684147054,0.023205096836770953,0.032751486531523155,165.1357635743935,128.76552595717592,201.5060011916111
DQN,recovery_2020_21,5,False,0.08971579517400671,0.027820827478999895,0.15161076286901354,0.11569840857684535,0.10974489375100713,0.12165192340268358,0.7956514621166308,0.2876078827358478,1.3036950414974138,1.0954262078128543,0.30987418463411787,1.8809782309915906,-0.09464404267356159,-0.10984805401055524,-0.07944003133656795,0.9994610197122371,0.22011251364684492,1.7788095257776293,0.017490869131229318,0.015541500361166569,0.019440237901292068,176.43202355020486,148.69253552875358,204.17151157165614
DQN,val,5,False,-0.015806574258724206,-0.05466046632849406,0.023047317811045652,0.10537107196392906,0.10113898273718237,0.10960316119067574,-0.10549171924669894,-0.48706853165985065,0.2760850931664528,-0.1313006738459201,-0.6187826559111791,0.35618130821933885,-0.23751361723514447,-0.339955480764664,-0.135071753705625,-0.04237440194471451,-0.19446052692560614,0.10971172303617713,0.016836216660415286,0.015845195498978063,0.01782723782185251,168.21235842664802,149.3094889225364,187.11522793075966
PPO,calm_2023_24,5,False,0.05352650909879286,-0.012009794752444528,0.11906281295003025,0.11196460802794057,0.10743837656282061,0.11649083949306054,0.5138310161979597,-0.0341216678039068,1.0617837001998263,0.8144636468113596,-0.09507248655352807,1.7239997801762472,-0.13500383670822072,-0.17598511360127417,-0.09402255981516727,0.42766999727211275,-0.11944988873631857,0.9747898832805441,0.01502009021721647,0.014201535316581282,0.01583864511785166,193.87964319406302,167.10741545495424,220.6518709331718
PPO,covid_crash,5,False,-0.011992267123550105,-0.26641952243053907,0.24243498818343884,0.3737804558632733,0.3275199897850933,0.4200409219414533,0.125864254935608,-0.6025866191143971,0.854315128985613,0.1877795434730704,-0.6539084565404754,1.0294675434866163,-0.2515588578283318,-0.3426234202400713,-0.16049429541659235,0.09260890999879956,-0.7967315967190071,0.9819494167166062,0.05646816537675059,0.04353608220628673,0.06940024854721445,185.41352313564903,146.82921334150763,223.99783292979043
PPO,gfc,5,False,-0.09958741881139092,-0.21929457692467286,0.020119739301890996,0.2834400382754447,0.2439294180672716,0.32295065848361776,-0.21967530687078396,-0.6635182722543098,0.22416765851274184,-0.27457245998101587,-0.8572751208884278,0.3081302009263961,-0.38015019070171807,-0.49398323586269144,-0.2663171455407447,-0.24076085657367896,-0.5094958082671639,0.02797409511980603,0.04230931991145993,0.03472446875455289,0.04989417106836698,204.56507266469285,195.07600603672802,214.05413929265768
PPO,inflation_2022,5,False,-0.1788806121501747,-0.3283092049726702,-0.029452019327679213,0.16240336801050223,0.12865482019392652,0.19615191582707794,-1.2592294167797857,-2.393431495641442,-0.12502733791812948,-1.8148671043337363,-3.3694402660259564,-0.2602939426415163,-0.24000608864552161,-0.3084444303716064,-0.17156774691943683,-0.6866061760003311,-1.2164673074999786,-0.15674504450068383,0.024354943780887466,0.018188348690048477,0.030521538871726456,175.7136856385776,140.38017573102735,211.04719554612785
PPO,recovery_2020_21,5,False,0.039517331504534424,-0.06693378686285456,0.14596844987192342,0.11816890038860897,0.10420609657981626,0.1321317041974017,0.38764728658474473,-0.482193711184509,1.2574882843539985,0.5572039649679684,-0.6226437869130713,1.7370517168490083,-0.1011951632864027,-0.13513127474463024,-0.06725905182817515,0.4696045728561738,-0.5397798570344221,1.4789890027467696,0.018822840772872024,0.01527332389244727,0.022372357653296777,195.09366230162897,178.47138831471136,211.71593628854657
PPO,val,5,False,-0.03178627389687361,-0.1009752738644336,0.037402726070686385,0.09928726778155131,0.09142779426101172,0.1071467413020909,-0.31228250962128445,-1.072541236223199,0.44797621698063006,-0.38323311395620674,-1.3618359900741352,0.5953697621617218,-0.2785740761964844,-0.3589923986143282,-0.19815575377864061,-0.07975545799954106,-0.3373238186775399,0.1778129026784578,0.015899035003397018,0.014712626372065015,0.017085443634729018,190.77859988214044,173.4322217329697,208.12497803131117
buy_and_hold,calm_2023_24,1,False,0.14968361990684387,0.14968361990684387,0.14968361990684387,0.08238123595367121,0.08238123595367121,0.08238123595367121,1.7347649227167958,1.7347649227167958,1.7347649227167958,2.6279570713329945,2.6279570713329945,2.6279570713329945,-0.07248642165054664,-0.07248642165054664,-0.07248642165054664,2.064988400565019,2.064988400565019,2.064988400565019,0.010961227895158134,0.010961227895158134,0.010961227895158134,9.077844858796759e-15,9.077844858796759e-15,9.077844858796759e-15
buy_and_hold,covid_crash,1,False,0.11709766168954072,0.11709766168954072,0.11709766168954072,0.16590930415697708,0.16590930415697708,0.16590930415697708,0.7499220535261183,0.7499220535261183,0.7499220535261183,0.8848189751776061,0.8848189751776061,0.8848189751776061,-0.12158355733595161,-0.12158355733595161,-0.12158355733595161,0.9631044218091451,0.9631044218091451,0.9631044218091451,0.026096032749974768,0.026096032749974768,0.026096032749974768,8.929027729964026e-15,8.929027729964026e-15,8.929027729964026e-15
buy_and_hold,gfc,1,False,0.04037336955223658,0.04037336955223658,0.04037336955223658,0.13555250168358635,0.13555250168358635,0.13555250168358635,0.35961943795614587,0.35961943795614587,0.35961943795614587,0.5236384806346256,0.5236384806346256,0.5236384806346256,-0.20624465250414814,-0.20624465250414814,-0.20624465250414814,0.19575474593904715,0.19575474593904715,0.19575474593904715,0.018815661388945915,0.018815661388945915,0.018815661388945915,9.108992629947796e-15,9.108992629947796e-15,9.108992629947796e-15
buy_and_hold,inflation_2022,1,False,-0.09970571489219338,-0.09970571489219338,-0.09970571489219338,0.12382000355532316,0.12382000355532316,0.12382000355532316,-0.7865672018472617,-0.7865672018472617,-0.7865672018472617,-1.32633573606656,-1.32633573606656,-1.32633573606656,-0.16349466259050527,-0.16349466259050527,-0.16349466259050527,-0.6098407942644585,-0.6098407942644585,-0.6098407942644585,0.015983833343483165,0.015983833343483165,0.015983833343483165,8.965555570677514e-15,8.965555570677514e-15,8.965555570677514e-15
buy_and_hold,recovery_2020_21,1,False,0.0786862513050175,0.0786862513050175,0.0786862513050175,0.07958121755309248,0.07958121755309248,0.07958121755309248,0.991654700475579,0.991654700475579,0.991654700475579,1.3420898740972544,1.3420898740972544,1.3420898740972544,-0.05003539043978833,-0.05003539043978833,-0.05003539043978833,1.5726119175527786,1.5726119175527786,1.5726119175527786,0.011740602505555706,0.011740602505555706,0.011740602505555706,9.018573853330427e-15,9.018573853330427e-15,9.018573853330427e-15
buy_and_hold,val,1,False,0.0857898571954856,0.0857898571954856,0.0857898571954856,0.05914521327240554,0.05914521327240554,0.05914521327240554,1.421398669835542,1.421398669835542,1.421398669835542,2.05051532580272,2.05051532580272,2.05051532580272,-0.08476804478572109,-0.08476804478572109,-0.08476804478572109,1.0120542170383602,1.0120542170383602,1.0120542170383602,0.008319764175888823,0.008319764175888823,0.008319764175888823,1.0186723259791436e-14,1.0186723259791436e-14,1.0186723259791436e-14
equal_weight,calm_2023_24,1,False,0.14594129487425156,0.14594129487425156,0.14594129487425156,0.07985539397101472,0.07985539397101472,0.07985539397101472,1.7462189115419586,1.7462189115419586,1.7462189115419586,2.6799310012095914,2.6799310012095914,2.6799310012095914,-0.0721780770356314,-0.0721780770356314,-0.0721780770356314,2.021961527212844,2.021961527212844,2.021961527212844,0.010535905628827669,0.010535905628827669,0.010535905628827669,1.0408123625367083,1.0408123625367083,1.0408123625367083
equal_weight,covid_crash,1,False,0.1464617530355079,0.1464617530355079,0.1464617530355079,0.18749877424373376,0.18749877424373376,0.18749877424373376,0.8221585235962351,0.8221585235962351,0.8221585235962351,0.9725381988561436,0.9725381988561436,0.9725381988561436,-0.12552239448601588,-0.12552239448601588,-0.12552239448601588,1.166817711176031,1.166817711176031,1.166817711176031,0.029593773177889398,0.029593773177889398,0.029593773177889398,2.9556470811284674,2.9556470811284674,2.9556470811284674
equal_weight,gfc,1,False,0.04128926534231847,0.04128926534231847,0.04128926534231847,0.14682284347925184,0.14682284347925184,0.14682284347925184,0.3487258150870058,0.3487258150870058,0.3487258150870058,0.5030402428604552,0.5030402428604552,0.5030402428604552,-0.20812035084171077,-0.20812035084171077,-0.20812035084171077,0.19839129222745583,0.19839129222745583,0.19839129222745583,0.020723890952343556,0.020723890952343556,0.020723890952343556,2.4875773806934953,2.4875773806934953,2.4875773806934953
equal_weight,inflation_2022,1,False,-0.09424373439013989,-0.09424373439013989,-0.09424373439013989,0.12457788878747315,0.12457788878747315,0.12457788878747315,-0.7325001310456338,-0.7325001310456338,-0.7325001310456338,-1.238742824929523,-1.238742824929523,-1.238742824929523,-0.15884982104983658,-0.15884982104983658,-0.15884982104983658,-0.5932882628843027,-0.5932882628843027,-0.5932882628843027,0.01604053529526909,0.01604053529526909,0.01604053529526909,1.5835813258742717,1.5835813258742717,1.5835813258742717
equal_weight,recovery_2020_21,1,False,0.06679892081626715,0.06679892081626715,0.06679892081626715,0.07846705443877174,0.07846705443877174,0.07846705443877174,0.8633551264846642,0.8633551264846642,0.8633551264846642,1.1550690581859318,1.1550690581859318,1.1550690581859318,-0.05414881538338068,-0.05414881538338068,-0.05414881538338068,1.2336173994448831,1.2336173994448831,1.2336173994448831,0.011704100198974518,0.011704100198974518,0.011704100198974518,1.1032936198369245,1.1032936198369245,1.1032936198369245
equal_weight,val,1,False,0.08257794085693648,0.08257794085693648,0.08257794085693648,0.05558354630648683,0.05558354630648683,0.05558354630648683,1.4554820984970753,1.4554820984970753,1.4554820984970753,2.21502068258867,2.21502068258867,2.21502068258867,-0.06976947156757674,-0.06976947156757674,-0.06976947156757674,1.1835827189396702,1.1835827189396702,1.1835827189396702,0.007562876406344961,0.007562876406344961,0.007562876406344961,0.9560265829579089,0.9560265829579089,0.9560265829579089
inverse_vol,calm_2023_24,1,False,0.12356599509751809,0.12356599509751809,0.12356599509751809,0.07397219264130679,0.07397219264130679,0.07397219264130679,1.6122779314672273,1.6122779314672273,1.6122779314672273,2.602855444892257,2.602855444892257,2.602855444892257,-0.07228005762324052,-0.07228005762324052,-0.07228005762324052,1.7095447784727191,1.7095447784727191,1.7095447784727191,0.009432203620778639,0.009432203620778639,0.009432203620778639,2.5108429080930916,2.5108429080930916,2.5108429080930916
inverse_vol,covid_crash,1,False,0.18726408648722903,0.18726408648722903,0.18726408648722903,0.10766371083056221,0.10766371083056221,0.10766371083056221,1.6481600720693674,1.6481600720693674,1.6481600720693674,2.1017029252357218,2.1017029252357218,2.1017029252357218,-0.08107317372466438,-0.08107317372466438,-0.08107317372466438,2.3098156626161392,2.3098156626161392,2.3098156626161392,0.015766694159250912,0.015766694159250912,0.015766694159250912,5.477990274276414,5.477990274276414,5.477990274276414
inverse_vol,gfc,1,False,0.07243746645976845,0.07243746645976845,0.07243746645976845,0.08626831834726106,0.08626831834726106,0.08626831834726106,0.8537201068698682,0.8537201068698682,0.8537201068698682,1.384197389971024,1.384197389971024,1.384197389971024,-0.11848699540551832,-0.11848699540551832,-0.11848699540551832,0.6113537288362602,0.6113537288362602,0.6113537288362602,0.010701401598340344,0.010701401598340344,0.010701401598340344,3.058020362941469,3.058020362941469,3.058020362941469
inverse_vol,inflation_2022,1,False,-0.09738816495691727,-0.09738816495691727,-0.09738816495691727,0.1099788729105148,0.1099788729105148,0.1099788729105148,-0.8768280479599705,-0.8768280479599705,-0.8768280479599705,-1.5095234583311128,-1.5095234583311128,-1.5095234583311128,-0.16552276224201679,-0.16552276224201679,-0.16552276224201679,-0.588367204835082,-0.588367204835082,-0.588367204835082,0.013670635805190658,0.013670635805190658,0.013670635805190658,2.8955732472607583,2.8955732472607583,2.8955732472607583
inverse_vol,recovery_2020_21,1,False,0.026548035642856904,0.026548035642856904,0.026548035642856904,0.053661245359588265,0.053661245359588265,0.053661245359588265,0.5150910288802167,0.5150910288802167,0.5150910288802167,0.6957819482842726,0.6957819482842726,0.6957819482842726,-0.05523283325501649,-0.05523283325501649,-0.05523283325501649,0.480656777469327,0.480656777469327,0.480656777469327,0.0081774884346326,0.0081774884346326,0.0081774884346326,2.766574892378706,2.766574892378706,2.766574892378706
inverse_vol,val,1,False,0.061019472037238565,0.061019472037238565,0.061019472037238565,0.04383012313307965,0.04383012313307965,0.04383012313307965,1.3734139683587308,1.3734139683587308,1.3734139683587308,2.0480109690405666,2.0480109690405666,2.0480109690405666,-0.06961824819484363,-0.06961824819484363,-0.06961824819484363,0.8764867490842444,0.8764867490842444,0.8764867490842444,0.006030940375631288,0.006030940375631288,0.006030940375631288,2.4217246757406783,2.4217246757406783,2.4217246757406783
random,calm_2023_24,1,False,0.050545115153142195,0.050545115153142195,0.050545115153142195,0.10474362747602166,0.10474362747602166,0.10474362747602166,0.523144451867535,0.523144451867535,0.523144451867535,0.7247902461293552,0.7247902461293552,0.7247902461293552,-0.15082812471500506,-0.15082812471500506,-0.15082812471500506,0.33511730818538604,0.33511730818538604,0.33511730818538604,0.015322782348909126,0.015322782348909126,0.015322782348909126,251.23741995263984,251.23741995263984,251.23741995263984
random,covid_crash,1,False,-0.4404947056816775,-0.4404947056816775,-0.4404947056816775,0.28213700871825703,0.28213700871825703,0.28213700871825703,-1.9114000318456954,-1.9114000318456954,-1.9114000318456954,-1.7533637194575717,-1.7533637194575717,-1.7533637194575717,-0.2410184880877363,-0.2410184880877363,-0.2410184880877363,-1.8276386561736593,-1.8276386561736593,-1.8276386561736593,0.055668056802223774,0.055668056802223774,0.055668056802223774,215.78069236719855,215.78069236719855,215.78069236719855
random,gfc,1,False,0.0036401550595301924,0.0036401550595301924,0.0036401550595301924,0.20889834344866293,0.20889834344866293,0.20889834344866293,0.12170312743505396,0.12170312743505396,0.12170312743505396,0.16823773912774262,0.16823773912774262,0.16823773912774262,-0.264752527045086,-0.264752527045086,-0.264752527045086,0.013749274086854297,0.013749274086854297,0.013749274086854297,0.030288819989248792,0.030288819989248792,0.030288819989248792,251.55333921548052,251.55333921548052,251.55333921548052
random,inflation_2022,1,False,-0.12144364233194171,-0.12144364233194171,-0.12144364233194171,0.14691970557990502,0.14691970557990502,0.14691970557990502,-0.8081818286817151,-0.8081818286817151,-0.8081818286817151,-1.3957952321867957,-1.3957952321867957,-1.3957952321867957,-0.19270810188160736,-0.19270810188160736,-0.19270810188160736,-0.6301947927781061,-0.6301947927781061,-0.6301947927781061,0.01851614198150095,0.01851614198150095,0.01851614198150095,238.38336871372655,238.38336871372655,238.38336871372655
random,recovery_2020_21,1,False,-0.06274925575579005,-0.06274925575579005,-0.06274925575579005,0.09513538556335747,0.09513538556335747,0.09513538556335747,-0.6336024544934191,-0.6336024544934191,-0.6336024544934191,-0.87599233150108,-0.87599233150108,-0.87599233150108,-0.14609942640022477,-0.14609942640022477,-0.14609942640022477,-0.42949693439517506,-0.42949693439517506,-0.42949693439517506,0.014675045601270321,0.014675045601270321,0.014675045601270321,247.02832703034764,247.02832703034764,247.02832703034764
random,val,1,False,-0.01569396345352292,-0.01569396345352292,-0.01569396345352292,0.08103354496376375,0.08103354496376375,0.08103354496376375,-0.15474370813890814,-0.15474370813890814,-0.15474370813890814,-0.21752182595960093,-0.21752182595960093,-0.21752182595960093,-0.23529389014779933,-0.23529389014779933,-0.23529389014779933,-0.06669940916725373,-0.06669940916725373,-0.06669940916725373,0.011944835762563964,0.011944835762563964,0.011944835762563964,252.7353772322715,252.7353772322715,252.7353772322715
static_60_30_10,calm_2023_24,1,False,0.1576640985774065,0.1576640985774065,0.1576640985774065,0.084949309934156,0.084949309934156,0.084949309934156,1.7663376727331053,1.7663376727331053,1.7663376727331053,2.5920291073327384,2.5920291073327384,2.5920291073327384,-0.07508523073049078,-0.07508523073049078,-0.07508523073049078,2.099801745876262,2.099801745876262,2.099801745876262,0.011536808094992588,0.011536808094992588,0.011536808094992588,1.1630369316332592,1.1630369316332592,1.1630369316332592
static_60_30_10,covid_crash,1,False,0.0009807408877871016,0.0009807408877871016,0.0009807408877871016,0.2956618743137589,0.2956618743137589,0.2956618743137589,0.15031434360317017,0.15031434360317017,0.15031434360317017,0.19095912564514186,0.19095912564514186,0.19095912564514186,-0.1996264273190631,-0.1996264273190631,-0.1996264273190631,0.004912881029622308,0.004912881029622308,0.004912881029622308,0.04699162835688627,0.04699162835688627,0.04699162835688627,4.487630338836867,4.487630338836867,4.487630338836867
static_60_30_10,gfc,1,False,-0.05943570585734492,-0.05943570585734492,-0.05943570585734492,0.20698822979936154,0.20698822979936154,0.20698822979936154,-0.19311809501601326,-0.19311809501601326,-0.19311809501601326,-0.2742502486023393,-0.2742502486023393,-0.2742502486023393,-0.31342922890822233,-0.31342922890822233,-0.31342922890822233,-0.1896303866246908,-0.1896303866246908,-0.1896303866246908,0.030380021860494915,0.030380021860494915,0.030380021860494915,2.533613241731885,2.533613241731885,2.533613241731885
static_60_30_10,inflation_2022,1,False,-0.12352631622428978,-0.12352631622428978,-0.12352631622428978,0.16380820333161375,0.16380820333161375,0.16380820333161375,-0.723199185168554,-0.723199185168554,-0.723199185168554,-1.1732397214891621,-1.1732397214891621,-1.1732397214891621,-0.176487464548314,-0.176487464548314,-0.176487464548314,-0.6999155239746451,-0.6999155239746451,-0.6999155239746451,0.02215926968786594,0.02215926968786594,0.02215926968786594,2.145700069058989,2.145700069058989,2.145700069058989
static_60_30_10,recovery_2020_21,1,False,0.15817027801600636,0.15817027801600636,0.15817027801600636,0.09074069778069493,0.09074069778069493,0.09074069778069493,1.6640408437684042,1.6640408437684042,1.6640408437684042,2.2305816387201505,2.2305816387201505,2.2305816387201505,-0.06163927089615229,-0.06163927089615229,-0.06163927089615229,2.566063415683261,2.566063415683261,2.566063415683261,0.013542656498668943,0.013542656498668943,0.013542656498668943,1.3502262578830355,1.3502262578830355,1.3502262578830355
static_60_30_10,val,1,False,0.11174998473971143,0.11174998473971143,0.11174998473971143,0.07041762042910699,0.07041762042910699,0.07041762042910699,1.5399067297536906,1.5399067297536906,1.5399067297536906,1.9215894656564934,1.9215894656564934,1.9215894656564934,-0.10647557749799696,-0.10647557749799696,-0.10647557749799696,1.0495363102568163,1.0495363102568163,1.0495363102568163,0.011146004199495227,0.011146004199495227,0.011146004199495227,0.9929250663971435,0.9929250663971435,0.9929250663971435
