strategy,kind,seed,period,in_sample,total_return,cagr,ann_vol,sharpe,sortino,max_drawdown,calmar,var_95,cvar_95,n_days,avg_daily_turnover,ann_turnover,avg_w_SPY,avg_w_IEF,avg_w_GLD
static_60_30_10,baseline,-1,val,False,0.506620197244672,0.11174998473971143,0.07041762042910699,1.5399067297536906,1.9215894656564934,-0.10647557749799696,1.0495363102568163,0.006950551388482109,0.011146004199495227,975,0.0039401788349093,0.9929250663971435,0.6001142346810047,0.2999026879359887,0.0999830773830066
equal_weight,baseline,-1,val,False,0.3593277502544716,0.08257794085693648,0.05558354630648683,1.4554820984970753,2.21502068258867,-0.06976947156757674,1.1835827189396702,0.00556010009141219,0.007562876406344961,975,0.0037937562815790033,0.9560265829579089,0.33343713123740676,0.33325734308440935,0.3333055256781839
buy_and_hold,baseline,-1,val,False,0.3749981904370181,0.0857898571954856,0.05914521327240554,1.421398669835542,2.05051532580272,-0.08476804478572109,1.0120542170383602,0.005670671482640621,0.008319764175888823,975,4.0423504999172364e-17,1.0186723259791436e-14,0.39947292947509877,0.29176195848782566,0.3087651120370756
inverse_vol,baseline,-1,val,False,0.25754890224334415,0.061019472037238565,0.04383012313307965,1.3734139683587308,2.0480109690405666,-0.06961824819484363,0.8764867490842444,0.004307780314152039,0.006030940375631288,975,0.0096100185545265,2.4217246757406783,0.2340109022720927,0.5452677152001936,0.22072138252771362
random,baseline,-1,val,False,-0.059366985513052084,-0.01569396345352292,0.08103354496376375,-0.15474370813890814,-0.21752182595960093,-0.23529389014779933,-0.06669940916725373,0.007893658768963842,0.011944835762563964,975,1.002918163620125,252.7353772322715,0.3263020331164587,0.3314483668293509,0.34224960005419036
DQN,rl,0,val,False,-0.20528849953128858,-0.05765920355812004,0.10170104077160141,-0.5330393417678729,-0.6606453946793533,-0.2937604645658807,-0.19627965813346882,0.010522912964072994,0.01730421154512326,975,0.6179971812493327,155.73528967483185,0.40567144942737055,0.39587093192779016,0.19845761864483932
DQN,rl,1,val,False,-0.1121873255637641,-0.030287365278477196,0.11006578087972177,-0.2244798290930517,-0.3004611696874277,-0.340522141749812,-0.08894389399421167,0.009870125238222335,0.017602495005921964,975,0.6417220205365319,161.71394917520604,0.35642084308697064,0.33000255131923123,0.3135766055937982
DQN,rl,2,val,False,-0.07235105944078302,-0.01922377683760379,0.10341147142596553,-0.13606128276956334,-0.18432658948115793,-0.22831253743793123,-0.08419939199716504,0.010884386919850286,0.016447493159694973,975,0.7682134494107816,193.58978925151698,0.44851770194387264,0.24870187779058292,0.3027804202655444
DQN,rl,3,val,False,0.09186094216449292,0.02297445047640001,0.10766641510018253,0.26474606309748544,0.3505746081587558,-0.1949685229981165,0.11783671601503569,0.008958895964582657,0.01719871951830062,975,0.63224627420673,159.32606110009596,0.4259385948496088,0.3517591847304888,0.22230222041990244
DQN,rl,4,val,False,0.020124413536007912,0.0051630239041799975,0.10401065164217396,0.10137579429950784,0.13835517645958267,-0.13000441942398178,0.03971421838623726,0.008732339401348032,0.015628164073035623,975,0.6773678687761484,170.69670293158939,0.39895092369509966,0.34027557876381975,0.2607734975410806
PPO,rl,0,val,False,-0.18191804025380542,-0.05057354057229957,0.1041898004081875,-0.4459217562639874,-0.5527126845961484,-0.29170504600880676,-0.1733721828410631,0.010847885587538226,0.017383916186713734,975,0.7743569125526605,195.13794196327044,0.3936423510363528,0.27595760548777654,0.3304000434758706
PPO,rl,1,val,False,0.22379051818693352,0.05358337208669561,0.10265202200379935,0.5596890585103689,0.7547582650130673,-0.19591477478152797,0.27350347694015664,0.008543079860869782,0.015335860352945761,975,0.664285882310745,167.40004234230776,0.3772395368677253,0.47154463896062376,0.15121582417165091
PPO,rl,2,val,False,-0.09427360562786635,-0.025267639376600592,0.10131091478494396,-0.20193716807239775,-0.2564368559108414,-0.25900657457459286,-0.09755597678592368,0.009320664483140381,0.015848770384244214,975,0.8137148201306377,205.0561346729207,0.45577933936977233,0.3268295598808359,0.21739110074939175
PPO,rl,3,val,False,-0.3361219011063815,-0.10046787261098733,0.08831677686243201,-1.1544134087826956,-1.4528893770665667,-0.3751889340841905,-0.2677794132074344,0.008520490039014275,0.014851904597686384,975,0.7668907285300774,193.2564635895795,0.24713279945967542,0.550407054331581,0.2024601462087436
PPO,rl,4,val,False,-0.13296881114383485,-0.036205689011176156,0.09996682484839374,-0.3188292734977103,-0.40888491722054443,-0.271055051533304,-0.13357319410344076,0.009693820823160748,0.01607472349539498,975,0.7660413366770779,193.04241684262362,0.3855913330882725,0.2329277884189141,0.3814808784928135
static_60_30_10,baseline,-1,covid_crash,False,0.0003657195015822623,0.0009807408877871016,0.2956618743137589,0.15031434360317017,0.19095912564514186,-0.1996264273190631,0.004912881029622308,0.03318747495623187,0.04699162835688627,94,0.017808056900146297,4.487630338836867,0.5995386343649735,0.3003182077554441,0.10014315787958239
equal_weight,baseline,-1,covid_crash,False,0.05230603755216956,0.1464617530355079,0.18749877424373376,0.8221585235962351,0.9725381988561436,-0.12552239448601588,1.166817711176031,0.020559830505840395,0.029593773177889398,94,0.0117287582584463,2.9556470811284674,0.3329510495802116,0.3334614849581748,0.3335874654616137
buy_and_hold,baseline,-1,covid_crash,False,0.042170461281713534,0.11709766168954072,0.16590930415697708,0.7499220535261183,0.8848189751776061,-0.12158355733595161,0.9631044218091451,0.01889732650133484,0.026096032749974768,94,3.5432649722079466e-17,8.929027729964026e-15,0.28777338298225763,0.3573341887823926,0.3548924282353498
inverse_vol,baseline,-1,covid_crash,False,0.06612306153810366,0.18726408648722903,0.10766371083056221,1.6481600720693674,2.1017029252357218,-0.08107317372466438,2.3098156626161392,0.009434785243086457,0.015766694159250912,94,0.021738056643954024,5.477990274276414,0.13342039598092043,0.5962072762464441,0.2703723277726354
random,baseline,-1,covid_crash,False,-0.19475698986644618,-0.4404947056816775,0.28213700871825703,-1.9114000318456954,-1.7533637194575717,-0.2410184880877363,-1.8276386561736593,0.027097378044394518,0.055668056802223774,94,0.8562725887587245,215.78069236719855,0.3190599553189756,0.3991521012398327,0.2817879434411918
DQN,rl,0,covid_crash,False,-0.062382097169701,-0.15859404665285903,0.35598621190018337,-0.30627484435183344,-0.3162975247618159,-0.22486801548872049,-0.705276143021835,0.03437981332298948,0.05965854070608197,94,0.6368295644946509,160.481050252652,0.46286132328065155,0.35106382978723405,0.18607484693211448
DQN,rl,1,covid_crash,False,-0.05428071012968427,-0.13896224429018944,0.41588957264936505,-0.15207700423028367,-0.17768052952421182,-0.2450526578057728,-0.5670709533798652,0.037326212689127926,0.06814238839810269,94,0.466291543770794,117.50546903024009,0.6541987999715407,0.18092142103111503,0.1648797789973442
DQN,rl,2,covid_crash,False,0.021236011528356746,0.05795152918365076,0.35460410525037517,0.3367653708945589,0.3630060200407653,-0.26924184480057445,0.21523968247422703,0.028279177527515877,0.058404814752093505,94,0.7263472539557403,183.03950799684657,0.3081539898678354,0.34077807510711633,0.35106793502504835
DQN,rl,3,covid_crash,False,-0.11142915926082064,-0.27146394886774083,0.35298501435702595,-0.7176253337293214,-0.6387758740621339,-0.28926842059883495,-0.9384499984677351,0.033258270425487936,0.06746429045321418,94,0.4510664451355024,113.66874417414661,0.17568687351563553,0.622252438725995,0.20206068775836955
DQN,rl,4,covid_crash,False,-0.08107085361339439,-0.20280497099788464,0.35401050556148533,-0.4626421461958554,-0.4686611752945759,-0.20047026370229537,-1.011646152663601,0.032205573662479246,0.06035506807989088,94,0.9764998760947822,246.0779687758851,0.3562148571741783,0.39646788065009503,0.2473172621757267
PPO,rl,0,covid_crash,False,-0.009734752763581822,-0.02588438263392223,0.405160380056126,0.1371480310857778,0.15335090327461043,-0.22658496821116303,-0.11423698067119618,0.043078827272544085,0.06437998830238076,94,0.6476100102187592,163.19772257512733,0.3831032061246359,0.22905831662479934,0.3878384772505649
PPO,rl,1,covid_crash,False,-0.1412644024790244,-0.3352060174071949,0.397674991763625,-0.8257870889969342,-0.8907790174538673,-0.3799155161813541,-0.8823172603647571,0.042691239785877785,0.06898016124556497,94,0.7150039610804299,180.18099819226833,0.6592088605926123,0.13616543897097394,0.20462570043641387
PPO,rl,2,covid_crash,False,-0.010955073153967154,-0.029099195000097167,0.3631130984730919,0.09657627628424446,0.1422916743099527,-0.2296011779948608,-0.1267380039345813,0.04058579231855795,0.04722874727490489,94,0.648471337673111,163.414777093624,0.5902527184148707,0.19933030158489135,0.2104169800002379
PPO,rl,3,covid_crash,False,0.06253855569987365,0.17659286822986342,0.38947656305069084,0.6107287019041842,0.7518347023955081,-0.19325128245444556,0.9137992047814276,0.034835673981007266,0.056656964213000635,94,0.7204111645993235,181.54361347902952,0.39948659956883625,0.40347361382531105,0.19703978660585264
PPO,rl,4,covid_crash,False,0.05475735420091987,0.15363539119360037,0.31347724597283283,0.6106553544007677,0.7821994548391482,-0.22844134429983565,0.6725375901831047,0.028761412612278468,0.04509496584790165,94,0.947343271183317,238.73050433819589,0.26087765743825486,0.2771808591210099,0.46194148344073516
static_60_30_10,baseline,-1,recovery_2020_21,False,0.22551811216364492,0.15817027801600636,0.09074069778069493,1.6640408437684042,2.2305816387201505,-0.06163927089615229,2.566063415683261,0.008668429082281597,0.013542656498668943,349,0.005358040705885062,1.3502262578830355,0.6002809758704627,0.29979382810251215,0.09992519602702524
equal_weight,baseline,-1,recovery_2020_21,False,0.09368467690475302,0.06679892081626715,0.07846705443877174,0.8633551264846642,1.1550690581859318,-0.05414881538338068,1.2336173994448831,0.00910050534997842,0.011704100198974518,349,0.00437814928506716,1.1032936198369245,0.3336029698214501,0.3332106909445896,0.3331863392339603
buy_and_hold,baseline,-1,recovery_2020_21,False,0.11059870519687842,0.0786862513050175,0.07958121755309248,0.991654700475579,1.3420898740972544,-0.05003539043978833,1.5726119175527786,0.008827760046941597,0.011740602505555706,349,3.578799148146995e-17,9.018573853330427e-15,0.38891021505817974,0.3115597168802588,0.29953006806156146
inverse_vol,baseline,-1,recovery_2020_21,False,0.03695376917384996,0.026548035642856904,0.053661245359588265,0.5150910288802167,0.6957819482842726,-0.05523283325501649,0.480656777469327,0.005589815181715147,0.0081774884346326,349,0.010978471795153594,2.766574892378706,0.20541276321763188,0.6130756098960389,0.18151162688632916
random,baseline,-1,recovery_2020_21,False,-0.08583938131467461,-0.06274925575579005,0.09513538556335747,-0.6336024544934191,-0.87599233150108,-0.14609942640022477,-0.42949693439517506,0.010754823630753522,0.014675045601270321,349,0.9802711390093161,247.02832703034764,0.33184513429074586,0.3402086520643824,0.32794621364487175
DQN,rl,0,recovery_2020_21,False,0.04592217504282692,0.03295112951277912,0.116786018555616,0.3360199090069232,0.4226283627513322,-0.10735439155026871,0.30693788150575796,0.011073030225575663,0.01851961446166336,349,0.7446462739099983,187.65086102531956,0.2621888640469108,0.37320406765543246,0.3646070682976567
DQN,rl,1,recovery_2020_21,False,0.06362445702898678,0.04554529510603755,0.11162065016024285,0.4548146193499667,0.6113486951085891,-0.0985293609954595,0.4622509944841356,0.010834412913633561,0.017154840875100417,349,0.6016485412064474,151.61543238402476,0.2901325421766121,0.36247395836063645,0.34739349946275133
DQN,rl,2,recovery_2020_21,False,0.1545919781753704,0.1093723521725285,0.11902285599985842,0.9317491580124099,1.184617309699857,-0.1037369250997916,1.054324215483694,0.011266219560579582,0.018607456424519345,349,0.6401943570981748,161.32897798874006,0.3253442867728375,0.26350403538787187,0.4111516778392907
DQN,rl,3,recovery_2020_21,False,0.15139380648880807,0.10715265856338663,0.12114557582837353,0.9008882015693257,1.2193168659344755,-0.07951206515473752,1.3476276632339768,0.012979647016752473,0.018289796650998037,349,0.6875035052397384,173.25088332041406,0.3531978475360225,0.3252019072040155,0.32160024525996195
DQN,rl,4,recovery_2020_21,False,0.21876354309494261,0.1535575405153018,0.10991694234013595,1.3547854226445282,2.0392198055700175,-0.08408747056755062,1.8261643438536217,0.01001358128004185,0.014882637243865432,349,0.8266427104465314,208.31396303252592,0.40899559952788545,0.28576700900677815,0.3052373914653364
PPO,rl,0,recovery_2020_21,False,0.19539813186681076,0.13754598974735832,0.12851986673597823,1.0671827854517715,1.4783749786923353,-0.09135644122427711,1.5055970646852077,0.012834713688878372,0.019357417939004806,349,0.6878213040657508,173.3309686245692,0.4893062087982721,0.2441203324692246,0.2665734587325033
PPO,rl,1,recovery_2020_21,False,0.0006083742808637993,0.0004392474513974509,0.11712467373114574,0.06238994440451949,0.07431798533946678,-0.09126051564431703,0.004813116037053684,0.01245112714550916,0.01996312743676368,349,0.7574009613798385,190.8650422677193,0.38881374614086267,0.3704229471564148,0.2407633067027225
PPO,rl,2,recovery_2020_21,False,-0.0975859382440325,-0.07146085877208774,0.12700507054435234,-0.5200506184537674,-0.6229536372780305,-0.145847338186751,-0.48997026384249337,0.014251372498237706,0.02216694466287448,349,0.8079593706174177,203.60576139558927,0.4787906121286179,0.2828681685851231,0.238341219286259
PPO,rl,3,recovery_2020_21,False,0.16048551576427705,0.11345829667927276,0.10029608587581158,1.1217617230778691,1.5846232395628317,-0.10439507506522405,1.0868165630264282,0.009681252047858456,0.014399712292213901,349,0.8099265729571142,204.10149638519277,0.3106657622548559,0.47398317854262495,0.21535105920251904
PPO,rl,4,recovery_2020_21,False,0.024462423973827585,0.017603982416731334,0.11789880505575699,0.20695259844333092,0.2716572585232389,-0.07311644631144432,0.24076638437467288,0.011699088070063658,0.01822700153350327,349,0.8077977890280716,203.56504283507405,0.35486385933854164,0.30416027491920394,0.3409758657422544
static_60_30_10,baseline,-1,inflation_2022,False,-0.1087282646058102,-0.12352631622428978,0.16380820333161375,-0.723199185168554,-1.1732397214891621,-0.176487464548314,-0.6999155239746451,0.01679988971192693,0.02215926968786594,220,0.008514682813726146,2.145700069058989,0.599946701941039,0.3000042461014063,0.1000490519575546
equal_weight,baseline,-1,inflation_2022,False,-0.08278695348239762,-0.09424373439013989,0.12457788878747315,-0.7325001310456338,-1.238742824929523,-0.15884982104983658,-0.5932882628843027,0.012251876589544188,0.01604053529526909,220,0.006284052880453459,1.5835813258742717,0.33327205548520505,0.3332865552033713,0.3334413893114237
buy_and_hold,baseline,-1,inflation_2022,False,-0.0876175169102068,-0.09970571489219338,0.12382000355532316,-0.7865672018472617,-1.32633573606656,-0.16349466259050527,-0.6098407942644585,0.012401853522458556,0.015983833343483165,220,3.5577601470942514e-17,8.965555570677514e-15,0.32387393922440977,0.33098008967226356,0.34514597110332673
inverse_vol,baseline,-1,inflation_2022,False,-0.08556742766868675,-0.09738816495691727,0.1099788729105148,-0.8768280479599705,-1.5095234583311128,-0.16552276224201679,-0.588367204835082,0.010556176951956276,0.013670635805190658,220,0.011490370028812532,2.8955732472607583,0.19827890037233709,0.4773072895471065,0.3244138100805565
random,baseline,-1,inflation_2022,False,-0.10687963800597322,-0.12144364233194171,0.14691970557990502,-0.8081818286817151,-1.3957952321867957,-0.19270810188160736,-0.6301947927781061,0.013369521699717911,0.01851614198150095,220,0.9459657488639943,238.38336871372655,0.3002222333791855,0.3760491532081859,0.32372861341262854
DQN,rl,0,inflation_2022,False,-0.1832621565872311,-0.2069607087116334,0.19652792805488803,-1.0814476157325275,-1.676278411765743,-0.24511767869688084,-0.8443320359914416,0.020825885668731316,0.028747603634594388,220,0.6313307085493888,159.09533855444596,0.5363382216143032,0.2670566192023912,0.1966051591833055
DQN,rl,1,inflation_2022,False,-0.2418378024710951,-0.27176259666191227,0.20917462699227385,-1.4106873167004639,-2.059800152552189,-0.282893592196767,-0.9606530658809954,0.024493440732557124,0.032786625249287354,220,0.599554922430898,151.0878404525863,0.6272618449806275,0.20119026621469416,0.1715478888046784
DQN,rl,2,inflation_2022,False,-0.1423350947863885,-0.1612773197437719,0.1598349253079539,-1.0204812843586393,-1.6540953812198695,-0.20038060044024164,-0.8048549579622041,0.015233511943554028,0.02263071026707913,220,0.5381527302174691,135.61448801480222,0.2498849097747756,0.24325359246927136,0.506861497755953
DQN,rl,3,inflation_2022,False,-0.09624223854697023,-0.10944733116659155,0.21229652066749113,-0.44036306570781714,-0.7210722671502636,-0.18803662146784594,-0.5820532740496347,0.02187086747492247,0.029703944994290795,220,0.6608345730966013,166.53031242034353,0.655592403538672,0.2023776266847431,0.14202996977658489
DQN,rl,4,inflation_2022,False,-0.08454099007901994,-0.09622753123302907,0.19679963394455172,-0.4163763107925684,-0.7165076985755587,-0.20688886037677456,-0.4651170249465573,0.017858879586193897,0.026022574275483597,220,0.8466303112293235,213.35083842978952,0.49536965045857145,0.17841756661842018,0.3262127829230085
PPO,rl,0,inflation_2022,False,-0.25728363704761414,-0.2887314449782036,0.14314235563722522,-2.307026940856845,-3.1233806365662486,-0.27800120518561755,-1.0385978175361563,0.015244697334647,0.023800275718857924,220,0.6469281474240293,163.02589315085538,0.15624559266856244,0.6271541356407828,0.21660027169065468
PPO,rl,1,inflation_2022,False,-0.14739416989517207,-0.1669418391776989,0.1597307443579475,-1.063525020104749,-1.7114334169119068,-0.21150164599329102,-0.7893169738404514,0.016738259297031363,0.022281367002476935,220,0.8016242590831003,202.00931328894129,0.381173876577174,0.4544943845004189,0.16433173892240713
PPO,rl,2,inflation_2022,False,-0.1483644840433992,-0.1680277178175984,0.1309185102515388,-1.3394038445611018,-2.1265826656151705,-0.21926198311849487,-0.7663331117770282,0.013652043360707111,0.01749583241048944,220,0.5301704924776368,133.60296410436447,0.09235520898171962,0.6257192360030605,0.28192555501522
PPO,rl,3,inflation_2022,False,0.00806464659901085,0.00924309178957694,0.19802432497595154,0.14509904735185436,0.22799321162759406,-0.17706781970923702,0.05220085617338609,0.017915219152620045,0.028098470364980352,220,0.7134444978877298,179.7880134677079,0.6094359672082879,0.1931821895837916,0.19738184320792063
PPO,rl,4,inflation_2022,False,-0.24928017134887925,-0.2799451505669496,0.18020090482984807,-1.7312903257280867,-2.34093201420295,-0.31419778922096764,-0.890983833021406,0.020452868823124422,0.030098773407632683,220,0.794215254686583,200.14224418101892,0.33849033849014076,0.24909962945493216,0.41241003205492704
static_60_30_10,baseline,-1,calm_2023_24,False,0.31397326934605574,0.1576640985774065,0.084949309934156,1.7663376727331053,2.5920291073327384,-0.07508523073049078,2.099801745876262,0.007898206628971845,0.011536808094992588,470,0.0046152259191796,1.1630369316332592,0.6001379403250112,0.29984408765468423,0.10001797202030444
equal_weight,baseline,-1,calm_2023_24,False,0.2892659566777007,0.14594129487425156,0.07985539397101472,1.7462189115419586,2.6799310012095914,-0.0721780770356314,2.021961527212844,0.00762385720837505,0.010535905628827669,470,0.00413020778784408,1.0408123625367083,0.33342777736368606,0.33317152141791984,0.33340070121839405
buy_and_hold,baseline,-1,calm_2023_24,False,0.29712974670555314,0.14968361990684387,0.08238123595367121,1.7347649227167958,2.6279570713329945,-0.07248642165054664,2.064988400565019,0.008005340479077689,0.010961227895158134,470,3.602319388411412e-17,9.077844858796759e-15,0.35215723775769037,0.3002910275471737,0.34755173469513595
inverse_vol,baseline,-1,calm_2023_24,False,0.24271167949374095,0.12356599509751809,0.07397219264130679,1.6122779314672273,2.602855444892257,-0.07228005762324052,1.7095447784727191,0.006915511645577043,0.009432203620778639,470,0.009963662333702744,2.5108429080930916,0.28649439038200203,0.4483962746987267,0.26510933491927124
random,baseline,-1,calm_2023_24,False,0.09632704934813541,0.050545115153142195,0.10474362747602166,0.523144451867535,0.7247902461293552,-0.15082812471500506,0.33511730818538604,0.010197882963184707,0.015322782348909126,470,0.9969738887009517,251.23741995263984,0.3335298839162332,0.3296978938121826,0.33677222227158404
DQN,rl,0,calm_2023_24,False,0.008365487172921293,0.004476658481349816,0.1103274842177163,0.09549005914155874,0.1548283214520124,-0.1771531470089155,0.02526999128683004,0.011593718578068247,0.014305071346144347,470,0.6857936871808117,172.82000916956454,0.3191844444314926,0.30903809350316536,0.3717774620653421
DQN,rl,1,calm_2023_24,False,0.0636625903824275,0.03364508712643666,0.11422695918167432,0.3466652035349776,0.5480700305966109,-0.13000490455139002,0.25879859873391925,0.010951295160366687,0.015296379924254144,470,0.6850504811156938,172.63272124115483,0.34253593097741664,0.3978071546917201,0.25965691433086324
DQN,rl,2,calm_2023_24,False,0.38727161628359097,0.1918531868399196,0.11306079549082941,1.6091523373135408,2.748486790178372,-0.08108585448118277,2.366050010417564,0.00944389836088556,0.013830071432896834,470,0.5966694105664709,150.36069146275068,0.4180800769314145,0.25584760758520714,0.32607231548337834
DQN,rl,3,calm_2023_24,False,0.11039782122038666,0.05775301315033654,0.11512417442130393,0.5451931437017385,0.8297536907591099,-0.12261013975059643,0.4710296657993623,0.011131747582419412,0.016011915258229786,470,0.7094199044143673,178.77381591242056,0.32713907530189673,0.38718701361742924,0.28567391108067397
DQN,rl,4,calm_2023_24,False,0.02438994361714264,0.013004059018205671,0.11741266859975645,0.1686776094048405,0.24959218181273438,-0.17496750385193716,0.0743227098285068,0.011166506028646,0.01639749390317603,470,0.7645562988499154,192.66818731017867,0.3090592705585444,0.3803123088152236,0.3106284206262322
PPO,rl,0,calm_2023_24,False,0.004048196076571919,0.0021684884004409266,0.1136389268694066,0.07577549264817077,0.11434243274521996,-0.12409167674528587,0.017474889995176938,0.01147298334408493,0.015692503942806,470,0.6928998825362556,174.6107703991364,0.247909376780034,0.318107989374201,0.433982633845765
PPO,rl,1,calm_2023_24,False,0.05001764111727525,0.02651425138971386,0.10632688786290974,0.2991983884719134,0.44776936986668836,-0.1932777441080682,0.13718212364321075,0.010775162076565384,0.014226392280098166,470,0.6825072374756216,171.99182384385665,0.17211884804128572,0.5484807322059729,0.2794004197527414
PPO,rl,2,calm_2023_24,False,0.1696806568706999,0.08766627582709607,0.11120620826808426,0.8112609687972857,1.2653595070246793,-0.1129921205898049,0.7758618509811919,0.011230884405473356,0.014832424564296676,470,0.7767961630638707,195.7526330920954,0.2664249940919329,0.3463813282127306,0.3871936776953366
PPO,rl,3,calm_2023_24,False,0.04251323317385247,0.022574133094872106,0.1161751835471024,0.25017094121628725,0.3711956491973087,-0.11805084262192245,0.19122382012273761,0.012079309978652461,0.015709985944992948,470,0.8902423689073063,224.3410769646412,0.34593617237669394,0.22570683080368167,0.4283569968196244
PPO,rl,4,calm_2023_24,False,0.25334278564446766,0.12870939678184135,0.11247583359219976,1.1327492898561413,1.8736512752229018,-0.12660679947602216,1.0166073016182469,0.010871565432530374,0.014639144353888552,470,0.8043726653594666,202.7019116705856,0.4647210302559407,0.2867043847213236,0.2485745850227357
static_60_30_10,baseline,-1,gfc,False,-0.10864518607473495,-0.05943570585734492,0.20698822979936154,-0.19311809501601326,-0.2742502486023393,-0.31342922890822233,-0.1896303866246908,0.020426607478819192,0.030380021860494915,473,0.010054020800523353,2.533613241731885,0.5996724956157494,0.3002154379532797,0.10011206643097091
equal_weight,baseline,-1,gfc,False,0.07890007304873436,0.04128926534231847,0.14682284347925184,0.3487258150870058,0.5030402428604552,-0.20812035084171077,0.19839129222745583,0.012354858536194125,0.020723890952343556,473,0.009871338812275775,2.4875773806934953,0.3330486651420969,0.3334178607842891,0.33353347407361417
buy_and_hold,baseline,-1,gfc,False,0.07711954445137215,0.04037336955223658,0.13555250168358635,0.35961943795614587,0.5236384806346256,-0.20624465250414814,0.19575474593904715,0.011999964126542412,0.018815661388945915,473,3.6146796150586495e-17,9.108992629947796e-15,0.2573064647008058,0.3496651628645703,0.3930283724346239
inverse_vol,baseline,-1,gfc,False,0.14027005837991635,0.07243746645976845,0.08626831834726106,0.8537201068698682,1.384197389971024,-0.11848699540551832,0.6113537288362602,0.007853438574096674,0.010701401598340344,473,0.012135001440243924,3.058020362941469,0.19427123393836565,0.5913437932931668,0.21438497276846766
random,baseline,-1,gfc,False,0.006843417555182363,0.0036401550595301924,0.20889834344866293,0.12170312743505396,0.16823773912774262,-0.264752527045086,0.013749274086854297,0.019482959406077176,0.030288819989248792,473,0.9982275365693671,251.55333921548052,0.3339003511426005,0.3288034573451724,0.33729619151222695
DQN,rl,0,gfc,False,-0.28026370164793724,-0.16072103413113104,0.30929705005589064,-0.41326857852347365,-0.5578250493529517,-0.43652630286425476,-0.3681817867023467,0.029907816157754417,0.04719744419404694,473,0.7586807318174099,191.1875444179873,0.47458808738681957,0.2520737118514866,0.27333820076169385
DQN,rl,1,gfc,False,0.2643207873258655,0.13309534928208833,0.28871768170969914,0.576006148628686,0.7931122730063448,-0.2543045144519781,0.5233699825144926,0.025263677269065234,0.041759849353971534,473,0.6990790819964616,176.16792866310834,0.3750863997054949,0.3166821710539335,0.3082314292405716
DQN,rl,2,gfc,False,-0.1845040302007459,-0.10296736818944596,0.3004245160374792,-0.2133554400784142,-0.29522815363269794,-0.36304933723402455,-0.28361811365344086,0.027234254349337045,0.04480049046968771,473,0.748918561572526,188.72747751627656,0.39735795892402137,0.3478049962827231,0.2548370447932555
DQN,rl,3,gfc,False,-0.38275103405262256,-0.2266721248466974,0.2712218500975739,-0.813458794129272,-1.148907290518215,-0.43358475713675726,-0.5227861937388233,0.02480704051978836,0.041291084603372705,473,0.7788772199025856,196.2770594154516,0.3706108244052619,0.4154161088439677,0.21397306675077046
DQN,rl,4,gfc,False,-0.20821076354006451,-0.11695613368139368,0.31503879874950963,-0.23994917192753915,-0.3489142417266692,-0.40396762748240345,-0.289518579521544,0.030200478540641184,0.04538020381306888,473,0.7673143608039183,193.36321892258744,0.4825547048513442,0.3139960231540335,0.20344927199462237
PPO,rl,0,gfc,False,-0.1888303920977049,-0.10550593143027442,0.28124958965153746,-0.2575017045062505,-0.3439043382579747,-0.376112728090215,-0.2805167800781461,0.02397363609175413,0.041917090159352376,473,0.7941343973613301,200.12186813505517,0.36148205912327025,0.3597759270520947,0.27874201382463504
PPO,rl,1,gfc,False,-0.28036392929679865,-0.16078330343421599,0.30517263838547815,-0.4221877790334824,-0.5393127908310348,-0.45149812058948613,-0.35611068153349934,0.031920309496139575,0.04838417134956471,473,0.8053809700594395,202.95600445497877,0.5771562363299265,0.21816318462097814,0.20468057904909545
PPO,rl,2,gfc,False,-0.3557642671571407,-0.20883896864236617,0.2958715936266666,-0.6434342039494328,-0.806377713903828,-0.4821924993869636,-0.43310289751058756,0.029844430759260993,0.047730202951564216,473,0.802666631656835,202.27199117752244,0.46938162005592715,0.28151356303071057,0.24910481691336223
PPO,rl,3,gfc,False,-0.11987068882684115,-0.06576516850505465,0.30558074592217976,-0.07280035222392887,-0.11399000830382623,-0.25211687476971034,-0.26085191070659647,0.025955673697964036,0.04001128188762778,473,0.8650390221417762,217.9898335797276,0.4833998634015285,0.20947053521451411,0.30712960138395745
PPO,rl,4,gfc,False,0.0821443211501709,0.0429562779549566,0.22932562379136145,0.29754750535917507,0.4307225513915842,-0.3388307306722149,0.12677798696043463,0.023237583458557257,0.033503853209190554,473,0.7916097856197629,199.48566597618026,0.37943678495676786,0.2678862948618453,0.3526769201813869
