strategy,period,n_seeds,cagr_mean,cagr_ci_lo,cagr_ci_hi,ann_vol_mean,ann_vol_ci_lo,ann_vol_ci_hi,sharpe_mean,sharpe_ci_lo,sharpe_ci_hi,sortino_mean,sortino_ci_lo,sortino_ci_hi,max_drawdown_mean,max_drawdown_ci_lo,max_drawdown_ci_hi,calmar_mean,calmar_ci_lo,calmar_ci_hi,cvar_95_mean,cvar_95_ci_lo,cvar_95_ci_hi,ann_turnover_mean,ann_turnover_ci_lo,ann_turnover_ci_hi
DQN,calm_2023_24,3,-0.08439359212677015,-0.21854855643361365,0.04976137218007336,0.14311154703836923,0.09996273362037722,0.18626036045636124,-0.5277543072444365,-1.3978503174539636,0.3423417029650907,-0.6078048773281063,-1.5425127694149197,0.326903014758707,-0.3028490270734199,-0.47199611750911863,-0.13370193663772115,-0.26127848334189263,-0.5729061141170699,0.050349147433284724,0.023305578843443014,0.014426140929251064,0.032185016757634966,179.66353889990566,158.91801899799853,200.4090588018128
DQN,covid_crash,3,-0.05193937117421658,-0.3842964210982047,0.2804176787497715,0.09676279975836151,0.09037111011347816,0.10315448940324486,-0.580837354719499,-4.357611597480573,3.195936888041575,-0.808909262325101,-6.183817407547226,4.5659988828970235,-0.06934233623653215,-0.1621239097021364,0.023439237229072096,-0.22886269399040524,-4.48005280222016,4.02232741423935,0.013895188467501637,0.010881369663316232,0.016909007271687045,161.7601026152618,140.18322700954698,183.3369782209766
DQN,gfc,3,1.2714381555773162,0.9532678861225278,1.5896084250321048,0.12099002498157196,0.11748344005008529,0.12449660991305864,6.845338255221119,5.5835695390413465,8.10710697140089,12.64264929121243,10.472714204058217,14.812584378366644,-0.03593297056101578,-0.04322764129132458,-0.02863829983070697,35.347981413647915,33.09808572875446,37.59787709854137,0.011724086784938878,0.010972180111397726,0.01247599345848003,230.2662215833482,228.5998757587883,231.9325674079081
DQN,inflation_2022,3,-0.06856782815277092,-0.330516021160952,0.19338036485541021,0.10639299543208985,0.1040459264737683,0.10874006439041141,-0.6496042587868885,-3.3328724147101814,2.0336638971364045,-0.8641698196219973,-4.564487428006935,2.8361477887629407,-0.1439572795431198,-0.3678796588027785,0.0799650997165389,-0.3377334223353127,-1.5503651361201913,0.8748982914495658,0.014788888107102776,0.010967606580266315,0.018610169633939237,187.68007701635028,156.13201877247644,219.22813526022412
DQN,recovery_2020_21,3,-0.2619634720068948,-0.30030061513567496,-0.22362632887811462,0.17612027142106843,0.14358581039664256,0.2086547324454943,-1.647317255000808,-2.2222805943802455,-1.0723539156213704,-2.3165145965653964,-3.225895239711775,-1.407133953419018,-0.3947121644483868,-0.48734445167684737,-0.30207987721992624,-0.6692775322632626,-0.8969964435132661,-0.44155862101325905,0.027361462924178136,0.020864000038153068,0.03385892581020321,184.89155389740355,160.80074683033286,208.98236096447425
DQN,val,3,-0.09619130643772922,-0.3327540976667921,0.14037148479133366,0.14173841588548364,0.12172547591138337,0.1617513558595839,-0.6925126411224009,-2.541765378518158,1.1567400962733565,-0.9374000109120338,-3.4909725691988354,1.616172547374768,-0.46867215751973973,-0.711340084008108,-0.22600423103137146,-0.18234937491853564,-0.6402403802256972,0.2755416303886259,0.02074074204114529,0.019795072613071705,0.021686411469218878,188.1814772746793,164.42107350928603,211.9418810400726
PPO,calm_2023_24,3,-0.06925346409299449,-0.17583246609072992,0.03732553790474094,0.1114093260990559,0.09508726163249792,0.1277313905656139,-0.6011466637330121,-1.672528811337683,0.4702354838716589,-0.8595611953304697,-2.4824203654029646,0.7632979747420253,-0.2310681387720596,-0.23793631605093252,-0.22419996149318666,-0.29831774170511016,-0.7541009751499814,0.15746549173976115,0.016332154383045347,0.011990661214866083,0.02067364755122461,209.96313905198915,131.47810088752058,288.4481772164577
PPO,covid_crash,3,-0.12720198796518226,-0.33636994549271837,0.08196596956235386,0.09768798830731996,0.06968477500226147,0.12569120161237846,-1.3260288977397727,-3.374305708535424,0.7222479130558788,-1.8224782169733613,-4.297411189524171,0.6524547555774487,-0.07869826651026542,-0.13830618162765596,-0.01909035139287489,-1.5095066219571152,-2.8326776809772154,-0.1863355629370147,0.015003689121323813,0.008267628796145291,0.021739749446502334,191.28485042182623,68.9201035412019,313.64959730245056
PPO,gfc,3,-0.052407567250319254,-0.1057767801982929,0.0009616456976543966,0.12902509993325947,0.1249574863722175,0.13309271349430146,-0.3556845692453969,-0.8053940894861515,0.09402495099535779,-0.60443039115226,-1.4696920752396805,0.2608312929351603,-0.2358290052673477,-0.29377953079522057,-0.17787847973947482,-0.21750102125719084,-0.3958647987713195,-0.039137243743062156,0.01705183043534454,0.012950102428427614,0.021153558442261463,212.85478373033126,167.23824896646994,258.4713184941926
PPO,inflation_2022,3,-0.07845506696346305,-0.17184213666620457,0.014932002739278472,0.10580264305129487,0.09633934274321229,0.11526594335937745,-0.7215635907298635,-1.639908040245682,0.19678085878595508,-1.120897063953984,-2.4721520941161623,0.2303579662081945,-0.14294241254392334,-0.22136805729108172,-0.06451676779676495,-0.5377197999227755,-1.1101667878798613,0.0347271880343103,0.013909946079410125,0.010766511408310666,0.017053380750509585,200.36299744671098,146.387040170641,254.33895472278095
PPO,recovery_2020_21,3,-0.13845761696699865,-0.19835051013888524,-0.07856472379511206,0.1768124652667622,0.11069668665013985,0.24292824388338455,-0.7666885420902066,-1.2907922895516446,-0.2425847946287688,-1.0652426319960469,-1.6658663665234483,-0.46461889746864526,-0.2719057625029974,-0.3711790057547518,-0.17263251925124304,-0.5082021596468141,-0.579560152574303,-0.4368441667193252,0.026942551796951115,0.014708743840883855,0.03917635975301838,205.58060475900857,153.13015739946974,258.0310521185474
PPO,val,3,-0.1176301648230433,-0.23246484730793657,-0.0027954823381500238,0.12815660404650073,0.11872499318963105,0.13758821490337042,-0.9135467743294114,-1.8791345536384338,0.05204100497961095,-1.3220673062235917,-2.6732480401967473,0.029113427749563714,-0.43143656774039746,-0.6692673656473576,-0.19360576983343736,-0.2660935898744858,-0.3802128022437851,-0.15197437750518644,0.018643115302121118,0.017225126284719817,0.02006110431952242,210.30591370668404,149.06143635896626,271.5503910544018
buy_and_hold,calm_2023_24,1,0.05849403574447454,0.05849403574447454,0.05849403574447454,0.07966373457499289,0.07966373457499289,0.07966373457499289,0.7534653715437346,0.7534653715437346,0.7534653715437346,1.0424567389967117,1.0424567389967117,1.0424567389967117,-0.14891281546344826,-0.14891281546344826,-0.14891281546344826,0.39280726485782097,0.39280726485782097,0.39280726485782097,0.011991935938369757,0.011991935938369757,0.011991935938369757,7.151102520732221e-15,7.151102520732221e-15,7.151102520732221e-15
buy_and_hold,covid_crash,1,0.018680591485033426,0.018680591485033426,0.018680591485033426,0.059329212907042295,0.059329212907042295,0.059329212907042295,0.34132429554835564,0.34132429554835564,0.34132429554835564,0.5968281169337123,0.5968281169337123,0.5968281169337123,-0.028858637754668903,-0.028858637754668903,-0.028858637754668903,0.6473136966422187,0.6473136966422187,0.6473136966422187,0.007466852479986588,0.007466852479986588,0.007466852479986588,5.934646713450837e-15,5.934646713450837e-15,5.934646713450837e-15
buy_and_hold,gfc,1,-0.10588050622047962,-0.10588050622047962,-0.10588050622047962,0.09301909430286807,0.09301909430286807,0.09301909430286807,-1.156407658163879,-1.156407658163879,-1.156407658163879,-1.6973542714613123,-1.6973542714613123,-1.6973542714613123,-0.2674591186422215,-0.2674591186422215,-0.2674591186422215,-0.3958754771869093,-0.3958754771869093,-0.3958754771869093,0.013337956714154836,0.013337956714154836,0.013337956714154836,8.404682245482091e-15,8.404682245482091e-15,8.404682245482091e-15
buy_and_hold,inflation_2022,1,-0.004566329910399625,-0.004566329910399625,-0.004566329910399625,0.06381298118405136,0.06381298118405136,0.06381298118405136,-0.03993746924831512,-0.03993746924831512,-0.03993746924831512,-0.06055599427798299,-0.06055599427798299,-0.06055599427798299,-0.057617193658365706,-0.057617193658365706,-0.057617193658365706,-0.07925290387232559,-0.07925290387232559,-0.07925290387232559,0.008353360654275369,0.008353360654275369,0.008353360654275369,8.85754351960769e-15,8.85754351960769e-15,8.85754351960769e-15
buy_and_hold,recovery_2020_21,1,-0.16680321271507947,-0.16680321271507947,-0.16680321271507947,0.09468341514313788,0.09468341514313788,0.09468341514313788,-1.879343616839803,-1.879343616839803,-1.879343616839803,-2.7490966400825143,-2.7490966400825143,-2.7490966400825143,-0.23616289443862293,-0.23616289443862293,-0.23616289443862293,-0.706305760316765,-0.706305760316765,-0.706305760316765,0.013918880757444825,0.013918880757444825,0.013918880757444825,8.385557441795865e-15,8.385557441795865e-15,8.385557441795865e-15
buy_and_hold,val,1,0.017234668689414923,0.017234668689414923,0.017234668689414923,0.0883447823012622,0.0883447823012622,0.0883447823012622,0.2375685358511716,0.2375685358511716,0.2375685358511716,0.36089950246784713,0.36089950246784713,0.36089950246784713,-0.1648602759378196,-0.1648602759378196,-0.1648602759378196,0.10454106419132361,0.10454106419132361,0.10454106419132361,0.012552851666188221,0.012552851666188221,0.012552851666188221,9.178428768007816e-15,9.178428768007816e-15,9.178428768007816e-15
equal_weight,calm_2023_24,1,0.06401563878388061,0.06401563878388061,0.06401563878388061,0.0821261824260635,0.0821261824260635,0.0821261824260635,0.7966658227126407,0.7966658227126407,0.7966658227126407,1.0954477651784824,1.0954477651784824,1.0954477651784824,-0.1501338676837113,-0.1501338676837113,-0.1501338676837113,0.42639039259777867,0.42639039259777867,0.42639039259777867,0.01224348141440067,0.01224348141440067,0.01224348141440067,1.2967662037172167,1.2967662037172167,1.2967662037172167
equal_weight,covid_crash,1,0.01715656929604381,0.01715656929604381,0.01715656929604381,0.05942080539239009,0.05942080539239009,0.05942080539239009,0.3156919356115656,0.3156919356115656,0.3156919356115656,0.5521320637090913,0.5521320637090913,0.5521320637090913,-0.026676566477922492,-0.026676566477922492,-0.026676566477922492,0.6431325901795711,0.6431325901795711,0.6431325901795711,0.007490221996091002,0.007490221996091002,0.007490221996091002,1.081849803513847,1.081849803513847,1.081849803513847
equal_weight,gfc,1,-0.1010073165297285,-0.1010073165297285,-0.1010073165297285,0.09266315448994605,0.09266315448994605,0.09266315448994605,-1.1025766898081775,-1.1025766898081775,-1.1025766898081775,-1.6321143095272166,-1.6321143095272166,-1.6321143095272166,-0.26169141803991314,-0.26169141803991314,-0.26169141803991314,-0.3859787122034047,-0.3859787122034047,-0.3859787122034047,0.013241724509845603,0.013241724509845603,0.013241724509845603,1.3706651374244934,1.3706651374244934,1.3706651374244934
equal_weight,inflation_2022,1,-0.006394596544007314,-0.006394596544007314,-0.006394596544007314,0.0648950400048081,0.0648950400048081,0.0648950400048081,-0.0665289288685243,-0.0665289288685243,-0.0665289288685243,-0.10163449295143145,-0.10163449295143145,-0.10163449295143145,-0.0596254013089732,-0.0596254013089732,-0.0596254013089732,-0.10724618037992094,-0.10724618037992094,-0.10724618037992094,0.008484516752451116,0.008484516752451116,0.008484516752451116,1.1751857514963768,1.1751857514963768,1.1751857514963768
equal_weight,recovery_2020_21,1,-0.18552371810324753,-0.18552371810324753,-0.18552371810324753,0.10320195990718987,0.10320195990718987,0.10320195990718987,-1.936096950368484,-1.936096950368484,-1.936096950368484,-2.879596492443077,-2.879596492443077,-2.879596492443077,-0.2674646805464933,-0.2674646805464933,-0.2674646805464933,-0.6936381944867596,-0.6936381944867596,-0.6936381944867596,0.014965697290158658,0.014965697290158658,0.014965697290158658,1.970115153832837,1.970115153832837,1.970115153832837
equal_weight,val,1,0.02186872369648052,0.02186872369648052,0.02186872369648052,0.08779510294689181,0.08779510294689181,0.08779510294689181,0.2902766385687281,0.2902766385687281,0.2902766385687281,0.4328445020702976,0.4328445020702976,0.4328445020702976,-0.16513649796113572,-0.16513649796113572,-0.16513649796113572,0.13242816679827643,0.13242816679827643,0.13242816679827643,0.012564416831892118,0.012564416831892118,0.012564416831892118,1.4140388115739113,1.4140388115739113,1.4140388115739113
inverse_vol,calm_2023_24,1,0.04492587332653519,0.04492587332653519,0.04492587332653519,0.053885265848149504,0.053885265848149504,0.053885265848149504,0.8425062814614781,0.8425062814614781,0.8425062814614781,1.3655298306210362,1.3655298306210362,1.3655298306210362,-0.07332527031917269,-0.07332527031917269,-0.07332527031917269,0.6126929110657261,0.6126929110657261,0.6126929110657261,0.0069575742998647695,0.0069575742998647695,0.0069575742998647695,2.7013880775584194,2.7013880775584194,2.7013880775584194
inverse_vol,covid_crash,1,-0.04128900139432001,-0.04128900139432001,-0.04128900139432001,0.046756694385904504,0.046756694385904504,0.046756694385904504,-0.8785949383262626,-0.8785949383262626,-0.8785949383262626,-1.4737366436190944,-1.4737366436190944,-1.4737366436190944,-0.019893501591633833,-0.019893501591633833,-0.019893501591633833,-2.0755019524407916,-2.0755019524407916,-2.0755019524407916,0.006254669216823059,0.006254669216823059,0.006254669216823059,3.7737121132062117,3.7737121132062117,3.7737121132062117
inverse_vol,gfc,1,-0.10343290237029834,-0.10343290237029834,-0.10343290237029834,0.08202103478016047,0.08202103478016047,0.08202103478016047,-1.2898844876145406,-1.2898844876145406,-1.2898844876145406,-1.8231031438153689,-1.8231031438153689,-1.8231031438153689,-0.24623124734573643,-0.24623124734573643,-0.24623124734573643,-0.42006407994622585,-0.42006407994622585,-0.42006407994622585,0.012300959612818019,0.012300959612818019,0.012300959612818019,2.737200733344543,2.737200733344543,2.737200733344543
inverse_vol,inflation_2022,1,0.021244958168542993,0.021244958168542993,0.021244958168542993,0.04691884851017173,0.04691884851017173,0.04691884851017173,0.47144228095521257,0.47144228095521257,0.47144228095521257,0.7280130897397509,0.7280130897397509,0.7280130897397509,-0.03408471048889872,-0.03408471048889872,-0.03408471048889872,0.6232987713204255,0.6232987713204255,0.6232987713204255,0.006082292584316929,0.006082292584316929,0.006082292584316929,2.4820475912779236,2.4820475912779236,2.4820475912779236
inverse_vol,recovery_2020_21,1,-0.0984985343551642,-0.0984985343551642,-0.0984985343551642,0.06895187076872493,0.06895187076872493,0.06895187076872493,-1.469125836519054,-1.469125836519054,-1.469125836519054,-2.136403211882273,-2.136403211882273,-2.136403211882273,-0.14662661863806292,-0.14662661863806292,-0.14662661863806292,-0.6717643444966881,-0.6717643444966881,-0.6717643444966881,0.010489971848219506,0.010489971848219506,0.010489971848219506,3.0186360081574413,3.0186360081574413,3.0186360081574413
inverse_vol,val,1,0.012281284285545313,0.012281284285545313,0.012281284285545313,0.07088268263465693,0.07088268263465693,0.07088268263465693,0.20764113680215085,0.20764113680215085,0.20764113680215085,0.293902462135652,0.293902462135652,0.293902462135652,-0.1517385186043987,-0.1517385186043987,-0.1517385186043987,0.0809371568834421,0.0809371568834421,0.0809371568834421,0.01064228897443536,0.01064228897443536,0.01064228897443536,2.6325654927455795,2.6325654927455795,2.6325654927455795
random,calm_2023_24,1,-0.0824884687635351,-0.0824884687635351,-0.0824884687635351,0.11687925083977958,0.11687925083977958,0.11687925083977958,-0.6775827068606053,-0.6775827068606053,-0.6775827068606053,-0.777686647304123,-0.777686647304123,-0.777686647304123,-0.2322581040221865,-0.2322581040221865,-0.2322581040221865,-0.3551586245432167,-0.3551586245432167,-0.3551586245432167,0.019395712211420876,0.019395712211420876,0.019395712211420876,251.134951687015,251.134951687015,251.134951687015
random,covid_crash,1,0.0018440330061515464,0.0018440330061515464,0.0018440330061515464,0.08441313296327738,0.08441313296327738,0.08441313296327738,0.06356632037568274,0.06356632037568274,0.06356632037568274,0.10537304766745377,0.10537304766745377,0.10537304766745377,-0.05055143833809683,-0.05055143833809683,-0.05055143833809683,0.03647834892092154,0.03647834892092154,0.03647834892092154,0.011071505692328919,0.011071505692328919,0.011071505692328919,212.3293115475045,212.3293115475045,212.3293115475045
random,gfc,1,-0.2583631762802726,-0.2583631762802726,-0.2583631762802726,0.1144709505159872,0.1144709505159872,0.1144709505159872,-2.5523195905351894,-2.5523195905351894,-2.5523195905351894,-3.6968399423822507,-3.6968399423822507,-3.6968399423822507,-0.4778228260502849,-0.4778228260502849,-0.4778228260502849,-0.5407091545121854,-0.5407091545121854,-0.5407091545121854,0.017471610976022248,0.017471610976022248,0.017471610976022248,251.00538996305391,251.00538996305391,251.00538996305391
random,inflation_2022,1,-0.19436385510517318,-0.19436385510517318,-0.19436385510517318,0.08044012338467758,0.08044012338467758,0.08044012338467758,-2.645488462588918,-2.645488462588918,-2.645488462588918,-3.687661340348986,-3.687661340348986,-3.687661340348986,-0.21886788711083816,-0.21886788711083816,-0.21886788711083816,-0.888041903592482,-0.888041903592482,-0.888041903592482,0.012015294581479026,0.012015294581479026,0.012015294581479026,238.86731320951566,238.86731320951566,238.86731320951566
random,recovery_2020_21,1,-0.27605562412855456,-0.27605562412855456,-0.27605562412855456,0.1546878980123979,0.1546878980123979,0.1546878980123979,-2.0095989331016724,-2.0095989331016724,-2.0095989331016724,-2.5929216235245938,-2.5929216235245938,-2.5929216235245938,-0.3858507807936672,-0.3858507807936672,-0.3858507807936672,-0.7154465867886235,-0.7154465867886235,-0.7154465867886235,0.025362823698245333,0.025362823698245333,0.025362823698245333,247.83306620855475,247.83306620855475,247.83306620855475
random,val,1,-0.11751070558730736,-0.11751070558730736,-0.11751070558730736,0.12306722167791519,0.12306722167791519,0.12306722167791519,-0.9542284757384489,-0.9542284757384489,-0.9542284757384489,-1.360551298348117,-1.360551298348117,-1.360551298348117,-0.4837057878338499,-0.4837057878338499,-0.4837057878338499,-0.2429383905318735,-0.2429383905318735,-0.2429383905318735,0.018443065354759355,0.018443065354759355,0.018443065354759355,253.5950503077397,253.5950503077397,253.5950503077397
static_60_30_10,calm_2023_24,1,0.07665124007783763,0.07665124007783763,0.07665124007783763,0.11428052718413369,0.11428052718413369,0.11428052718413369,0.7036035674040041,0.7036035674040041,0.7036035674040041,0.8369281017969488,0.8369281017969488,0.8369281017969488,-0.19470668391803936,-0.19470668391803936,-0.19470668391803936,0.39367544316097297,0.39367544316097297,0.39367544316097297,0.018291220812812644,0.018291220812812644,0.018291220812812644,1.4408020202874128,1.4408020202874128,1.4408020202874128
static_60_30_10,covid_crash,1,0.11528106753337752,0.11528106753337752,0.11528106753337752,0.06988095649425109,0.06988095649425109,0.06988095649425109,1.5962065199982358,1.5962065199982358,1.5962065199982358,2.7512325407072664,2.7512325407072664,2.7512325407072664,-0.0410967343205052,-0.0410967343205052,-0.0410967343205052,2.805115039903744,2.805115039903744,2.805115039903744,0.008012649033219226,0.008012649033219226,0.008012649033219226,2.3036491649121538,2.3036491649121538,2.3036491649121538
static_60_30_10,gfc,1,-0.09131689191783632,-0.09131689191783632,-0.09131689191783632,0.11544944208863873,0.11544944208863873,0.11544944208863873,-0.7716035407884247,-0.7716035407884247,-0.7716035407884247,-1.09952347750604,-1.09952347750604,-1.09952347750604,-0.29278629112194654,-0.29278629112194654,-0.29278629112194654,-0.3118892335017233,-0.3118892335017233,-0.3118892335017233,0.01718310732565845,0.01718310732565845,0.01718310732565845,1.3730458780124826,1.3730458780124826,1.3730458780124826
static_60_30_10,inflation_2022,1,-0.06379379636965832,-0.06379379636965832,-0.06379379636965832,0.07287000879630019,0.07287000879630019,0.07287000879630019,-0.8681907286115162,-0.8681907286115162,-0.8681907286115162,-1.3668943041197652,-1.3668943041197652,-1.3668943041197652,-0.09199025683891393,-0.09199025683891393,-0.09199025683891393,-0.6934842728112932,-0.6934842728112932,-0.6934842728112932,0.010045096889938572,0.010045096889938572,0.010045096889938572,1.5421107269365593,1.5421107269365593,1.5421107269365593
static_60_30_10,recovery_2020_21,1,-0.2862857156473758,-0.2862857156473758,-0.2862857156473758,0.1646894680674138,0.1646894680674138,0.1646894680674138,-1.9642848662783596,-1.9642848662783596,-1.9642848662783596,-2.719647791397584,-2.719647791397584,-2.719647791397584,-0.4190884454743503,-0.4190884454743503,-0.4190884454743503,-0.6831152677648745,-0.6831152677648745,-0.6831152677648745,0.024825970865224353,0.024825970865224353,0.024825970865224353,2.1699844957013736,2.1699844957013736,2.1699844957013736
static_60_30_10,val,1,0.007128633419855701,0.007128633419855701,0.007128633419855701,0.11930237196338678,0.11930237196338678,0.11930237196338678,0.11906079571756298,0.11906079571756298,0.11906079571756298,0.17104033972304772,0.17104033972304772,0.17104033972304772,-0.23969159699312304,-0.23969159699312304,-0.23969159699312304,0.02974085662277192,0.02974085662277192,0.02974085662277192,0.01750161426811337,0.01750161426811337,0.01750161426811337,1.3396587989426592,1.3396587989426592,1.3396587989426592
