strategy,kind,seed,period,total_return,cagr,ann_vol,sharpe,sortino,max_drawdown,calmar,var_95,cvar_95,n_days,avg_daily_turnover,ann_turnover,avg_w_SPY,avg_w_IEF,avg_w_GLD
static_60_30_10,baseline,-1,val,0.028936897427049857,0.007128633419855701,0.11930237196338678,0.11906079571756298,0.17104033972304772,-0.23969159699312304,0.02974085662277192,0.011863290202239809,0.01750161426811337,1012,0.005316106345010552,1.3396587989426592,0.5999900702156163,0.29998279785646725,0.1000271319279164
equal_weight,baseline,-1,val,0.09076088683188588,0.02186872369648052,0.08779510294689181,0.2902766385687281,0.4328445020702976,-0.16513649796113572,0.13242816679827643,0.008879815397398847,0.012564416831892118,1012,0.005611265125293299,1.4140388115739113,0.33331747578846055,0.3332900003246095,0.33339252388693
buy_and_hold,baseline,-1,val,0.07103190541259119,0.017234668689414923,0.0883447823012622,0.2375685358511716,0.36089950246784713,-0.1648602759378196,0.10454106419132361,0.008896970204982828,0.012552851666188221,1012,3.6422336380983396e-17,9.178428768007816e-15,0.2896297475001344,0.3205981335884977,0.38977211891136787
inverse_vol,baseline,-1,val,0.05024101743413367,0.012281284285545313,0.07088268263465693,0.20764113680215085,0.293902462135652,-0.1517385186043987,0.0809371568834421,0.007614041524224288,0.01064228897443536,1012,0.01044668846327611,2.6325654927455795,0.21977702681468306,0.5440969212685597,0.23612605191675734
random,baseline,-1,val,-0.39469253820664296,-0.11751070558730736,0.12306722167791519,-0.9542284757384489,-1.360551298348117,-0.4837057878338499,-0.2429383905318735,0.012599127283575318,0.018443065354759355,1012,1.0063295647132529,253.5950503077397,0.32779305577515433,0.33320920969414475,0.338997734530701
DQN,rl,0,val,0.04553484000054109,0.011149841485313283,0.1506199851644807,0.14820771575741365,0.22211223224712723,-0.3714576293449502,0.030016455725988336,0.013274485465189396,0.020570603928795835,1012,0.7195102824875969,181.3165911868744,0.45327063715233396,0.26757722041378745,0.27915214243387865
DQN,rl,1,val,-0.5280230803509341,-0.17052671521859897,0.13969390834382908,-1.2679845713372406,-1.737002367973318,-0.5668248443647055,-0.30084552029423567,0.014265543687171292,0.021176823128168366,1012,0.7901058480613,199.1066737114476,0.36277590671086013,0.2621418441482335,0.3750822491409064
DQN,rl,2,val,-0.4262457403626415,-0.12919704557990197,0.1349013541481411,-0.9577610677873758,-1.2973098970099108,-0.46773399884956357,-0.2762190601873596,0.013118906896489157,0.020474799066471677,1012,0.7306395512925237,184.12116692571595,0.3841001223704059,0.31328710990509895,0.3026127677244952
PPO,rl,0,val,-0.5232378879593033,-0.16844052302205226,0.13059871885936092,-1.3465265751734803,-1.9276627256925085,-0.5296980116457741,-0.31799349689591394,0.013768260259619448,0.019031234071992587,1012,0.8275514365583113,208.54296201269446,0.3569404799570136,0.28114747469271656,0.36191204535026983
PPO,rl,1,val,-0.3634768163400065,-0.10639124300463809,0.13008867964990015,-0.7994538413688225,-1.1634685959006648,-0.42617635920529173,-0.24964135317836528,0.013777870097057417,0.018910418425166588,1012,0.7403987655643332,186.58048892221194,0.28568410115188453,0.3013334385781219,0.41298246026999363
PPO,rl,2,val,-0.2784727093300863,-0.07805872844243955,0.12378241363024114,-0.5946599064459316,-0.8750705970776019,-0.33843533237012646,-0.23064591954917812,0.01324373162821573,0.01798769340920418,1012,0.9356916277188323,235.79429018514574,0.2946114378050477,0.34781687391722504,0.35757168827772723
static_60_30_10,baseline,-1,covid_crash,0.043795144917214035,0.11528106753337752,0.06988095649425109,1.5962065199982358,2.7512325407072664,-0.0410967343205052,2.805115039903744,0.006024439041391913,0.008012649033219226,99,0.009141464940127594,2.3036491649121538,0.6002984857577262,0.29979058487364457,0.09991092936862925
equal_weight,baseline,-1,covid_crash,0.006705295885415241,0.01715656929604381,0.05942080539239009,0.3156919356115656,0.5521320637090913,-0.026676566477922492,0.6431325901795711,0.0055858610236063,0.007490221996091002,99,0.0042930547758486,1.081849803513847,0.3336263304105272,0.33322084021996595,0.33315282936950685
buy_and_hold,baseline,-1,covid_crash,0.0072975977029896555,0.018680591485033426,0.059329212907042295,0.34132429554835564,0.5968281169337123,-0.028858637754668903,0.6473136966422187,0.005460089514474516,0.007466852479986588,99,2.3550185370836655e-17,5.934646713450837e-15,0.3556115089647031,0.32829732176703313,0.3160911692682638
inverse_vol,baseline,-1,covid_crash,-0.0164286135655497,-0.04128900139432001,0.046756694385904504,-0.8785949383262626,-1.4737366436190944,-0.019893501591633833,-2.0755019524407916,0.004417013839231169,0.006254669216823059,99,0.014975048068278618,3.7737121132062117,0.17732974553231054,0.5938944756846443,0.2287757787830453
random,baseline,-1,covid_crash,0.0007240363989895471,0.0018440330061515464,0.08441313296327738,0.06356632037568274,0.10537304766745377,-0.05055143833809683,0.03647834892092154,0.008486997843074917,0.011071505692328919,99,0.8425766331250178,212.3293115475045,0.31319145945109395,0.3787782694542336,0.3080302710946725
DQN,rl,0,covid_crash,-0.08176392893788431,-0.19517403375060582,0.09507083871233217,-2.2357356195579383,-3.132813485990801,-0.11206333107809319,-1.741640480190577,0.012054592798427981,0.015250220298541933,99,0.6303563691268517,158.84980501996662,0.381188031363606,0.2879123188698067,0.33089964976658715
DQN,rl,1,covid_crash,0.026864477088378358,0.06980876039985873,0.0954937656889601,0.7540237026881452,1.1475009265869307,-0.04286512314676327,1.628567825662014,0.009550200513304978,0.013525621026364898,99,0.6806642852986109,171.52739989524994,0.43175230956935917,0.15912350064646635,0.4091241897841746
DQN,rl,2,covid_crash,-0.01207605570344994,-0.03045284017190264,0.09972379487379229,-0.2608001472887041,-0.44141522757143253,-0.05309855448473999,-0.5735154274426527,0.009567943479564321,0.012909724077598082,99,0.6146948528990827,154.90310293056882,0.5329721086724046,0.2953367660921691,0.1716911252354263
PPO,rl,0,covid_crash,-0.036919771555767644,-0.09131459497987637,0.08714490988614652,-1.0554893072139209,-1.5994676653031876,-0.06742438199206824,-1.3543260209729258,0.010090866487268979,0.012463361707500722,99,0.9423578214994265,237.47417101785547,0.21776214902939087,0.4823597849522065,0.29987806601840267
PPO,rl,1,covid_crash,-0.09455316022706806,-0.2234013727651064,0.1095707963988041,-2.251853167436864,-2.911379337940553,-0.10625448300900076,-2.1025124440743097,0.01389431557287661,0.01785909265991111,99,0.5533519396309423,139.44468878699746,0.04916823728828757,0.22154368428442642,0.729288078427286
PPO,rl,2,covid_crash,-0.026831812441399316,-0.06688999615056401,0.09634825863700928,-0.6707442185685335,-0.9565876476763432,-0.06241593452972727,-1.0716814008241093,0.011364731783353748,0.014688612996559613,99,0.7814908391294676,196.93569146062583,0.26735477282453207,0.407300200304507,0.325345026870961
static_60_30_10,baseline,-1,recovery_2020_21,-0.383991617347225,-0.2862857156473758,0.1646894680674138,-1.9642848662783596,-2.719647791397584,-0.4190884454743503,-0.6831152677648745,0.01973376373107906,0.024825970865224353,362,0.008611049586116562,2.1699844957013736,0.5994938625864417,0.3003885896826671,0.1001175477308913
equal_weight,baseline,-1,recovery_2020_21,-0.25530888124539897,-0.18552371810324753,0.10320195990718987,-1.936096950368484,-2.879596492443077,-0.2674646805464933,-0.6936381944867596,0.011352642388868336,0.014965697290158658,362,0.007817917277114433,1.970115153832837,0.33289952029864933,0.3335763130428886,0.333524166658462
buy_and_hold,baseline,-1,recovery_2020_21,-0.23059805597913086,-0.16680321271507947,0.09468341514313788,-1.879343616839803,-2.7490966400825143,-0.23616289443862293,-0.706305760316765,0.010339501876520654,0.013918880757444825,362,3.327602159442803e-17,8.385557441795865e-15,0.25959096119476255,0.3825894838198262,0.3578195549854112
inverse_vol,baseline,-1,recovery_2020_21,-0.1383935736360482,-0.0984985343551642,0.06895187076872493,-1.469125836519054,-2.136403211882273,-0.14662661863806292,-0.6717643444966881,0.007924212722927195,0.010489971848219506,362,0.011978714318085084,3.0186360081574413,0.18048169707999362,0.6029376956781926,0.21658060724181383
random,baseline,-1,recovery_2020_21,-0.3712682324213553,-0.27605562412855456,0.1546878980123979,-2.0095989331016724,-2.5929216235245938,-0.3858507807936672,-0.7154465867886235,0.015187929445901346,0.025362823698245333,362,0.9834645484466459,247.83306620855475,0.3283389099641167,0.3406119172953322,0.3310491727405511
DQN,rl,0,recovery_2020_21,-0.371855213290751,-0.2765261866503874,0.17132140821240732,-1.8025302950026016,-2.442921878856401,-0.3838747296535674,-0.7203552755346567,0.017438023288616947,0.027431819173510306,362,0.7742210985080699,195.1037168240336,0.3985099256209781,0.26529586666060134,0.3361942077184206
DQN,rl,1,recovery_2020_21,-0.35564157404764873,-0.2635768383982553,0.16609969783808176,-1.7581320391540665,-2.6026342788972854,-0.36404182066256296,-0.7240290083115739,0.015720904686874995,0.024711413792492063,362,0.7292239697192883,183.76444036926065,0.3935289031304978,0.2403365126582108,0.3661345842112914
DQN,rl,2,recovery_2020_21,-0.33316428022697375,-0.2457873909720416,0.1909397082127161,-1.3812894308457548,-1.9039876319425026,-0.43621994302903,-0.5634483129435572,0.020480179267390066,0.02994115580653204,362,0.6976448591226841,175.8065044989164,0.41947165193755076,0.28059886083101354,0.29992948723143575
PPO,rl,0,recovery_2020_21,-0.15652600424937768,-0.11174819422476467,0.16461611335035503,-0.637842322788764,-0.9661899863120481,-0.22581064848492471,-0.494875662306178,0.01604861397621659,0.023578566601998908,362,0.8410531297493891,211.94538869684604,0.33753038509927824,0.30988494088055785,0.3525846740201639
PPO,rl,1,recovery_2020_21,-0.20152647899863452,-0.14501132728065624,0.20734022760730356,-0.6520540839214503,-0.8887142390435409,-0.29681353115885467,-0.48856036554157684,0.01953474948998182,0.03259519503767861,362,0.7222867145553357,182.01625206794458,0.33218597361728697,0.2274230009850252,0.4403910253976879
PPO,rl,2,recovery_2020_21,-0.21971074996595918,-0.15861332939557504,0.15848105484262803,-1.0101692195604057,-1.3408236706325518,-0.2930931078652129,-0.5411704510926877,0.014597193858241183,0.024653893751175823,362,0.8840483075882344,222.78017351223505,0.31101309985032594,0.35938924568434605,0.329597654465328
static_60_30_10,baseline,-1,inflation_2022,-0.05814416665395816,-0.06379379636965832,0.07287000879630019,-0.8681907286115162,-1.3668943041197652,-0.09199025683891393,-0.6934842728112932,0.008293808603738708,0.010045096889938572,229,0.006119487011653013,1.5421107269365593,0.5997592143341063,0.3001930576040007,0.10004772806189295
equal_weight,baseline,-1,inflation_2022,-0.0058126624272695215,-0.006394596544007314,0.0648950400048081,-0.0665289288685243,-0.10163449295143145,-0.0596254013089732,-0.10724618037992094,0.00713754042669173,0.008484516752451116,229,0.004663435521811019,1.1751857514963768,0.33312554590279847,0.3334678299486265,0.33340662414857514
buy_and_hold,baseline,-1,inflation_2022,-0.004150427846723703,-0.004566329910399625,0.06381298118405136,-0.03993746924831512,-0.06055599427798299,-0.057617193658365706,-0.07925290387232559,0.006891601586443473,0.008353360654275369,229,3.514898222066544e-17,8.85754351960769e-15,0.31075690388194266,0.3562784110669152,0.33296468505114213
inverse_vol,baseline,-1,inflation_2022,0.01928735993583497,0.021244958168542993,0.04691884851017173,0.47144228095521257,0.7280130897397509,-0.03408471048889872,0.6232987713204255,0.00497023484507299,0.006082292584316929,229,0.009849395203483824,2.4820475912779236,0.22818800477615425,0.5689883230119507,0.20282367221189496
random,baseline,-1,inflation_2022,-0.1783144938847634,-0.19436385510517318,0.08044012338467758,-2.645488462588918,-3.687661340348986,-0.21886788711083816,-0.888041903592482,0.010669929257843318,0.012015294581479026,229,0.947886163529824,238.86731320951566,0.3021637970477195,0.3690678495099031,0.32876835344237737
DQN,rl,0,inflation_2022,0.018001933061965403,0.0198278003890362,0.10575706744500091,0.23826996059942174,0.3976283602491301,-0.09802434425089057,0.2022742466737395,0.010450234923034813,0.01311514777100853,229,0.7205176364456862,181.57044438431294,0.4824268899448406,0.2185370065572928,0.2990361034978666
DQN,rl,1,inflation_2022,-0.03664147550878383,-0.040246599248959125,0.10594324459140939,-0.3349196824337961,-0.48277325052222564,-0.08603491123764428,-0.46779381381344837,0.011976087673557335,0.01511075513064619,229,0.8026983760235886,202.27999075794435,0.3525609277020016,0.24344025138061198,0.40399882091738637
DQN,rl,2,inflation_2022,-0.16990392733549298,-0.18528468559838984,0.10747867425985927,-1.8521630545262913,-2.5073645685928967,-0.24781258314082455,-0.7476806998662293,0.012228282055964974,0.01614076141965361,229,0.7110706186777518,179.18979590679345,0.444284740086913,0.2543442866380741,0.3013709732750129
PPO,rl,0,inflation_2022,-0.08308217154111686,-0.09103531725309255,0.10251192369704096,-0.8799360830621995,-1.4247500025624196,-0.17630474928867346,-0.5163520416800311,0.011024841547326615,0.013409421544884564,229,0.8452321101677416,212.99849176227087,0.3234455866057672,0.24754589428401166,0.42900851911022114
PPO,rl,1,inflation_2022,-0.09877984610179413,-0.10814498186745847,0.10997596563132933,-0.9856766655669603,-1.4450381221581738,-0.13898589688009821,-0.7781003993574549,0.011213795820698407,0.015349052529626888,229,0.695530151668742,175.27359822052298,0.3407339916212602,0.2134050407623992,0.4458609676163406
PPO,rl,2,inflation_2022,-0.03293733846302893,-0.03618490176983813,0.1049200398255143,-0.2990780235604307,-0.49290306714135784,-0.11353659146299833,-0.3187069587308407,0.010786633219817226,0.012971364163718925,229,0.8445115172910277,212.816902357339,0.23649737187947475,0.35050360632207017,0.4129990217984551
static_60_30_10,baseline,-1,calm_2023_24,0.1547698195993512,0.07665124007783763,0.11428052718413369,0.7036035674040041,0.8369281017969488,-0.19470668391803936,0.39367544316097297,0.009507389459232775,0.018291220812812644,491,0.00571746833447386,1.4408020202874128,0.6000650872156139,0.29993652510623836,0.0999983876781478
equal_weight,baseline,-1,calm_2023_24,0.12851113147424575,0.06401563878388061,0.0821261824260635,0.7966658227126407,1.0954477651784824,-0.1501338676837113,0.42639039259777867,0.00864470541761377,0.01224348141440067,491,0.005145897633798479,1.2967662037172167,0.3333940872426718,0.33327231012860026,0.33333360262872797
buy_and_hold,baseline,-1,calm_2023_24,0.11712873200075458,0.05849403574447454,0.07966373457499289,0.7534653715437346,1.0424567389967117,-0.14891281546344826,0.39280726485782097,0.008587894028969268,0.011991935938369757,491,2.837739095528659e-17,7.151102520732221e-15,0.33118984909506205,0.34112509319066037,0.3276850577142776
inverse_vol,baseline,-1,calm_2023_24,0.08939755725737486,0.04492587332653519,0.053885265848149504,0.8425062814614781,1.3655298306210362,-0.07332527031917269,0.6126929110657261,0.005757165417869215,0.0069575742998647695,491,0.010719793958565156,2.7013880775584194,0.2158639700754267,0.5670786062027141,0.21705742372185927
random,baseline,-1,calm_2023_24,-0.15442558753261548,-0.0824884687635351,0.11687925083977958,-0.6775827068606053,-0.777686647304123,-0.2322581040221865,-0.3551586245432167,0.009765755552474923,0.019395712211420876,491,0.9965672685992658,251.134951687015,0.3412132943632514,0.3243147731268461,0.3344719325099024
DQN,rl,0,calm_2023_24,-0.1506965047673774,-0.08041395943723406,0.15189326975828107,-0.47561836399505886,-0.5710648367748654,-0.32549726315428595,-0.2470495716552854,0.012998221949483591,0.025209299010517196,491,0.676644844554884,170.51450082783077,0.3742401070969705,0.24548542155395706,0.3802744713490725
DQN,rl,1,calm_2023_24,-0.2550923955548231,-0.14027796383970348,0.1543369816152787,-0.9011607246445809,-1.0010977732083564,-0.35672965744049745,-0.3932332535685006,0.013987228326770029,0.02552525058342161,491,0.7415752309043178,186.87695818788808,0.3630333725683008,0.2688742008390983,0.36809242659260083
DQN,rl,2,calm_2023_24,-0.0623258918715055,-0.032488853103372906,0.1231043897415479,-0.20648383309366977,-0.2512520220010972,-0.22632016062547622,-0.14355262480189193,0.011561314284676369,0.019182186936390237,491,0.7206315781111037,181.59915768399813,0.3865226603284927,0.30031853772717887,0.3131588019443284
PPO,rl,0,calm_2023_24,-0.1580003096859801,-0.08448129116468761,0.11774956286639922,-0.6904678238700294,-0.8961791413325472,-0.2329280502164801,-0.36269264730534545,0.011632995995402816,0.018309577705939807,491,0.8804454140505341,221.8722443407346,0.2966719013892073,0.34520380422142594,0.3581242943893668
PPO,rl,1,calm_2023_24,-0.040151565591791116,-0.020812808133388372,0.11184790798280156,-0.13219042710981263,-0.18873363343202967,-0.22789102032691277,-0.09132789920169787,0.010361274296268836,0.015692376474123165,491,0.6910511053412078,174.14487854598437,0.22169905167798623,0.34372112744394673,0.43457982087806707
PPO,rl,2,calm_2023_24,-0.18992818987503401,-0.10246629298090748,0.10463050744796693,-0.9807817402191942,-1.4937708112268322,-0.2323853457727859,-0.4409326786082871,0.010764894096297375,0.01499450896907307,491,0.9280646597986049,233.8722942692484,0.325003513740769,0.33839273977521384,0.3366037464840171
static_60_30_10,baseline,-1,gfc,-0.1702059834662082,-0.09131689191783632,0.11544944208863873,-0.7716035407884247,-1.09952347750604,-0.29278629112194654,-0.3118892335017233,0.012950665197157176,0.01718310732565845,491,0.005448594754017788,1.3730458780124826,0.6000251236797977,0.299984566808694,0.09999030951150843
equal_weight,baseline,-1,gfc,-0.18736053517557405,-0.1010073165297285,0.09266315448994605,-1.1025766898081775,-1.6321143095272166,-0.26169141803991314,-0.3859787122034047,0.009860107973893804,0.013241724509845603,491,0.005439147370732116,1.3706651374244934,0.3333684406343408,0.3333282357373507,0.33330332362830845
buy_and_hold,baseline,-1,gfc,-0.19592140921057466,-0.10588050622047962,0.09301909430286807,-1.156407658163879,-1.6973542714613123,-0.2674591186422215,-0.3958754771869093,0.009741886205270545,0.013337956714154836,491,3.335191367254798e-17,8.404682245482091e-15,0.33842937557669484,0.3339917792931321,0.327578845130173
inverse_vol,baseline,-1,gfc,-0.19162714871185726,-0.10343290237029834,0.08202103478016047,-1.2898844876145406,-1.8231031438153689,-0.24623124734573643,-0.42006407994622585,0.008772831608178204,0.012300959612818019,491,0.010861907672002154,2.737200733344543,0.24095997403180497,0.5216022460576542,0.23743777991054094
random,baseline,-1,gfc,-0.44142814131039076,-0.2583631762802726,0.1144709505159872,-2.5523195905351894,-3.6968399423822507,-0.4778228260502849,-0.5407091545121854,0.012687147493089471,0.017471610976022248,491,0.9960531347740235,251.00538996305391,0.3412149920191957,0.32438674424449515,0.3343982637363092
DQN,rl,0,gfc,3.3778388510318518,1.133629797104387,0.12217823446304805,6.2725702383068285,11.637122034714924,-0.03302295254325216,34.328541508201106,0.008003040588788993,0.011939399056980353,491,0.9109338193185491,229.55532246827437,0.3625031886065647,0.3150486089482587,0.3224482024451766
DQN,rl,1,gfc,4.446945550137974,1.3868323955288178,0.12136220493582078,7.241018874306391,13.21409437867962,-0.03889525506079661,35.655567584299945,0.007804012426659956,0.01137800336521455,491,0.9162222295805974,230.88800185431055,0.37114311833799224,0.26926141211832655,0.3595954695436812
DQN,rl,2,gfc,4.0411578075663215,1.293852274098744,0.1194296355458471,7.022425653050136,13.07673146024275,-0.03588070407899857,36.059835148442694,0.008524974325617909,0.01185485793262173,491,0.9141084937597608,230.3553404274597,0.41247582011921136,0.2940641976606615,0.2934599822201272
PPO,rl,0,gfc,-0.056406980269238294,-0.02935917754671169,0.13067265273381334,-0.1628316696802057,-0.2385365259520429,-0.2100440189664634,-0.1397763082765966,0.013930437578159923,0.018798127842858055,491,0.8353900669102269,210.51829686137717,0.3341863925548472,0.35653449730595954,0.3092791101391933
PPO,rl,1,gfc,-0.10618426175947437,-0.0559856293011286,0.12900467282358175,-0.3822642940573306,-0.6427592390374364,-0.2419719072164358,-0.23137243469776567,0.013440357287478215,0.016841394995314802,491,0.7768719244040913,195.771724949831,0.3136172515390261,0.3090758168897475,0.37730693157122625
PPO,rl,2,gfc,-0.13526826526056812,-0.07187789490311747,0.12739797424238333,-0.5219577439986544,-0.9319954084673009,-0.2554710896191439,-0.2813543207972103,0.012472074945812844,0.015515968467860759,491,0.9217235292848635,232.2743293797856,0.2929444154228516,0.32615695601863065,0.3808986285585178
